date,home_team,ft_score,ht_score,away_team
Sat Aug 8 2015,Bournemouth,0-1,0-0,Aston Villa
Sat Aug 8 2015,Chelsea,2-2,2-1,Swansea
Sat Aug 8 2015,Everton,2-2,0-1,Watford
Sat Aug 8 2015,Leicester,4-2,3-0,Sunderland
Sat Aug 8 2015,Man United,1-0,1-0,Tottenham
Sat Aug 8 2015,Norwich,1-3,0-1,Crystal Palace
Sun Aug 9 2015,Arsenal,0-2,0-1,West Ham
Sun Aug 9 2015,Newcastle,2-2,1-1,Southampton
Sun Aug 9 2015,Stoke,0-1,0-0,Liverpool
Mon Aug 10 2015,West Brom,0-3,0-2,Man City
Fri Aug 14 2015,Aston Villa,0-1,0-1,Man United
Sat Aug 15 2015,Southampton,0-3,0-2,Everton
Sat Aug 15 2015,Sunderland,1-3,0-2,Norwich
Sat Aug 15 2015,Swansea,2-0,1-0,Newcastle
Sat Aug 15 2015,Tottenham,2-2,2-0,Stoke
Sat Aug 15 2015,Watford,0-0,0-0,West Brom
Sat Aug 15 2015,West Ham,1-2,0-2,Leicester
Sun Aug 16 2015,Crystal Palace,1-2,1-1,Arsenal
Sun Aug 16 2015,Man City,3-0,1-0,Chelsea
Mon Aug 17 2015,Liverpool,1-0,1-0,Bournemouth
Sat Aug 22 2015,Crystal Palace,2-1,0-0,Aston Villa
Sat Aug 22 2015,Leicester,1-1,0-0,Tottenham
Sat Aug 22 2015,Man United,0-0,0-0,Newcastle
Sat Aug 22 2015,Norwich,1-1,1-1,Stoke
Sat Aug 22 2015,Sunderland,1-1,0-1,Swansea
Sat Aug 22 2015,West Ham,3-4,0-2,Bournemouth
Sun Aug 23 2015,Everton,0-2,0-0,Man City
Sun Aug 23 2015,Watford,0-0,0-0,Southampton
Sun Aug 23 2015,West Brom,2-3,1-3,Chelsea
Mon Aug 24 2015,Arsenal,0-0,0-0,Liverpool
Sat Aug 29 2015,Aston Villa,2-2,2-1,Sunderland
Sat Aug 29 2015,Bournemouth,1-1,1-0,Leicester
Sat Aug 29 2015,Chelsea,1-2,0-0,Crystal Palace
Sat Aug 29 2015,Liverpool,0-3,0-2,West Ham
Sat Aug 29 2015,Man City,2-0,0-0,Watford
Sat Aug 29 2015,Newcastle,0-1,0-0,Arsenal
Sat Aug 29 2015,Stoke,0-1,0-1,West Brom
Sat Aug 29 2015,Tottenham,0-0,0-0,Everton
Sun Aug 30 2015,Southampton,3-0,1-0,Norwich
Sun Aug 30 2015,Swansea,2-1,0-0,Man United
Sat Sep 12 2015,Arsenal,2-0,1-0,Stoke
Sat Sep 12 2015,Crystal Palace,0-1,0-0,Man City
Sat Sep 12 2015,Everton,3-1,2-1,Chelsea
Sat Sep 12 2015,Man United,3-1,0-0,Liverpool
Sat Sep 12 2015,Norwich,3-1,1-0,Bournemouth
Sat Sep 12 2015,Watford,1-0,0-0,Swansea
Sat Sep 12 2015,West Brom,0-0,0-0,Southampton
Sun Sep 13 2015,Leicester,3-2,0-1,Aston Villa
Sun Sep 13 2015,Sunderland,0-1,0-0,Tottenham
Mon Sep 14 2015,West Ham,2-0,1-0,Newcastle
Sat Sep 19 2015,Aston Villa,0-1,0-1,West Brom
Sat Sep 19 2015,Bournemouth,2-0,2-0,Sunderland
Sat Sep 19 2015,Chelsea,2-0,0-0,Arsenal
Sat Sep 19 2015,Man City,1-2,1-2,West Ham
Sat Sep 19 2015,Newcastle,1-2,0-2,Watford
Sat Sep 19 2015,Stoke,2-2,2-0,Leicester
Sat Sep 19 2015,Swansea,0-0,0-0,Everton
Sun Sep 20 2015,Liverpool,1-1,0-0,Norwich
Sun Sep 20 2015,Southampton,2-3,1-1,Man United
Sun Sep 20 2015,Tottenham,1-0,0-0,Crystal Palace
Sat Sep 26 2015,Leicester,2-5,1-2,Arsenal
Sat Sep 26 2015,Liverpool,3-2,1-0,Aston Villa
Sat Sep 26 2015,Man United,3-0,1-0,Sunderland
Sat Sep 26 2015,Newcastle,2-2,1-0,Chelsea
Sat Sep 26 2015,Southampton,3-1,1-0,Swansea
Sat Sep 26 2015,Stoke,2-1,1-0,Bournemouth
Sat Sep 26 2015,Tottenham,4-1,1-1,Man City
Sat Sep 26 2015,West Ham,2-2,1-1,Norwich
Sun Sep 27 2015,Watford,0-1,0-0,Crystal Palace
Mon Sep 28 2015,West Brom,2-3,1-0,Everton
Sat Oct 3 2015,Aston Villa,0-1,0-0,Stoke
Sat Oct 3 2015,Bournemouth,1-1,1-1,Watford
Sat Oct 3 2015,Chelsea,1-3,1-1,Southampton
Sat Oct 3 2015,Crystal Palace,2-0,0-0,West Brom
Sat Oct 3 2015,Man City,6-1,1-1,Newcastle
Sat Oct 3 2015,Norwich,1-2,0-1,Leicester
Sat Oct 3 2015,Sunderland,2-2,2-1,West Ham
Sun Oct 4 2015,Arsenal,3-0,3-0,Man United
Sun Oct 4 2015,Everton,1-1,1-1,Liverpool
Sun Oct 4 2015,Swansea,2-2,2-1,Tottenham
Sat Oct 17 2015,Chelsea,2-0,1-0,Aston Villa
Sat Oct 17 2015,Crystal Palace,1-3,1-1,West Ham
Sat Oct 17 2015,Everton,0-3,0-2,Man United
Sat Oct 17 2015,Man City,5-1,4-1,Bournemouth
Sat Oct 17 2015,Southampton,2-2,2-0,Leicester
Sat Oct 17 2015,Tottenham,0-0,0-0,Liverpool
Sat Oct 17 2015,Watford,0-3,0-0,Arsenal
Sat Oct 17 2015,West Brom,1-0,0-0,Sunderland
Sun Oct 18 2015,Newcastle,6-2,3-2,Norwich
Mon Oct 19 2015,Swansea,0-1,0-1,Stoke
Sat Oct 24 2015,Arsenal,2-1,2-1,Everton
Sat Oct 24 2015,Aston Villa,1-2,0-0,Swansea
Sat Oct 24 2015,Leicester,1-0,0-0,Crystal Palace
Sat Oct 24 2015,Norwich,0-1,0-0,West Brom
Sat Oct 24 2015,Stoke,0-2,0-1,Watford
Sat Oct 24 2015,West Ham,2-1,1-0,Chelsea
Sun Oct 25 2015,Bournemouth,1-5,1-3,Tottenham
Sun Oct 25 2015,Liverpool,1-1,0-0,Southampton
Sun Oct 25 2015,Man United,0-0,0-0,Man City
Sun Oct 25 2015,Sunderland,3-0,1-0,Newcastle
Sat Oct 31 2015,Chelsea,1-3,1-1,Liverpool
Sat Oct 31 2015,Crystal Palace,0-0,0-0,Man United
Sat Oct 31 2015,Man City,2-1,0-0,Norwich
Sat Oct 31 2015,Newcastle,0-0,0-0,Stoke
Sat Oct 31 2015,Swansea,0-3,0-0,Arsenal
Sat Oct 31 2015,Watford,2-0,1-0,West Ham
Sat Oct 31 2015,West Brom,2-3,1-0,Leicester
Sun Nov 1 2015,Everton,6-2,2-1,Sunderland
Sun Nov 1 2015,Southampton,2-0,2-0,Bournemouth
Mon Nov 2 2015,Tottenham,3-1,2-0,Aston Villa
Sat Nov 7 2015,Bournemouth,0-1,0-1,Newcastle
Sat Nov 7 2015,Leicester,2-1,0-0,Watford
Sat Nov 7 2015,Man United,2-0,0-0,West Brom
Sat Nov 7 2015,Norwich,1-0,0-0,Swansea
Sat Nov 7 2015,Stoke,1-0,0-0,Chelsea
Sat Nov 7 2015,Sunderland,0-1,0-0,Southampton
Sat Nov 7 2015,West Ham,1-1,1-1,Everton
Sun Nov 8 2015,Arsenal,1-1,0-1,Tottenham
Sun Nov 8 2015,Aston Villa,0-0,0-0,Man City
Sun Nov 8 2015,Liverpool,1-2,1-1,Crystal Palace
Sat Nov 21 2015,Chelsea,1-0,0-0,Norwich
Sat Nov 21 2015,Everton,4-0,3-0,Aston Villa
Sat Nov 21 2015,Man City,1-4,1-3,Liverpool
Sat Nov 21 2015,Newcastle,0-3,0-1,Leicester
Sat Nov 21 2015,Southampton,0-1,0-1,Stoke
Sat Nov 21 2015,Swansea,2-2,2-2,Bournemouth
Sat Nov 21 2015,Watford,1-2,0-1,Man United
Sat Nov 21 2015,West Brom,2-1,2-1,Arsenal
Sun Nov 22 2015,Tottenham,4-1,2-0,West Ham
Mon Nov 23 2015,Crystal Palace,0-1,0-0,Sunderland
Sat Nov 28 2015,Aston Villa,2-3,1-1,Watford
Sat Nov 28 2015,Bournemouth,3-3,0-2,Everton
Sat Nov 28 2015,Crystal Palace,5-1,3-1,Newcastle
Sat Nov 28 2015,Leicester,1-1,1-1,Man United
Sat Nov 28 2015,Man City,3-1,2-0,Southampton
Sat Nov 28 2015,Sunderland,2-0,0-0,Stoke
Sun Nov 29 2015,Liverpool,1-0,0-0,Swansea
Sun Nov 29 2015,Norwich,1-1,1-1,Arsenal
Sun Nov 29 2015,Tottenham,0-0,0-0,Chelsea
Sun Nov 29 2015,West Ham,1-1,1-0,West Brom
Sat Dec 5 2015,Arsenal,3-1,1-1,Sunderland
Sat Dec 5 2015,Chelsea,0-1,0-0,Bournemouth
Sat Dec 5 2015,Man United,0-0,0-0,West Ham
Sat Dec 5 2015,Southampton,1-1,0-1,Aston Villa
Sat Dec 5 2015,Stoke,2-0,2-0,Man City
Sat Dec 5 2015,Swansea,0-3,0-2,Leicester
Sat Dec 5 2015,Watford,2-0,1-0,Norwich
Sat Dec 5 2015,West Brom,1-1,1-1,Tottenham
Sun Dec 6 2015,Newcastle,2-0,0-0,Liverpool
Mon Dec 7 2015,Everton,1-1,0-0,Crystal Palace
Sat Dec 12 2015,Bournemouth,2-1,1-1,Man United
Sat Dec 12 2015,Crystal Palace,1-0,1-0,Southampton
Sat Dec 12 2015,Man City,2-1,1-0,Swansea
Sat Dec 12 2015,Norwich,1-1,0-1,Everton
Sat Dec 12 2015,Sunderland,0-1,0-1,Watford
Sat Dec 12 2015,West Ham,0-0,0-0,Stoke
Sun Dec 13 2015,Aston Villa,0-2,0-2,Arsenal
Sun Dec 13 2015,Liverpool,2-2,1-1,West Brom
Sun Dec 13 2015,Tottenham,1-2,1-0,Newcastle
Mon Dec 14 2015,Leicester,2-1,1-0,Chelsea
Sat Dec 19 2015,Chelsea,3-1,2-0,Sunderland
Sat Dec 19 2015,Everton,2-3,1-1,Leicester
Sat Dec 19 2015,Man United,1-2,0-1,Norwich
Sat Dec 19 2015,Newcastle,1-1,1-0,Aston Villa
Sat Dec 19 2015,Southampton,0-2,0-2,Tottenham
Sat Dec 19 2015,Stoke,1-2,0-1,Crystal Palace
Sat Dec 19 2015,West Brom,1-2,0-0,Bournemouth
Sun Dec 20 2015,Swansea,0-0,0-0,West Ham
Sun Dec 20 2015,Watford,3-0,2-0,Liverpool
Mon Dec 21 2015,Arsenal,2-1,2-0,Man City
Sat Dec 26 2015,Aston Villa,1-1,0-1,West Ham
Sat Dec 26 2015,Bournemouth,0-0,0-0,Crystal Palace
Sat Dec 26 2015,Chelsea,2-2,1-1,Watford
Sat Dec 26 2015,Liverpool,1-0,0-0,Leicester
Sat Dec 26 2015,Man City,4-1,3-0,Sunderland
Sat Dec 26 2015,Newcastle,0-1,0-0,Everton
Sat Dec 26 2015,Southampton,4-0,1-0,Arsenal
Sat Dec 26 2015,Stoke,2-0,2-0,Man United
Sat Dec 26 2015,Swansea,1-0,1-0,West Brom
Sat Dec 26 2015,Tottenham,3-0,2-0,Norwich
Mon Dec 28 2015,Arsenal,2-0,1-0,Bournemouth
Mon Dec 28 2015,Crystal Palace,0-0,0-0,Swansea
Mon Dec 28 2015,Everton,3-4,1-2,Stoke
Mon Dec 28 2015,Man United,0-0,0-0,Chelsea
Mon Dec 28 2015,Norwich,2-0,1-0,Aston Villa
Mon Dec 28 2015,Watford,1-2,1-1,Tottenham
Mon Dec 28 2015,West Brom,1-0,0-0,Newcastle
Mon Dec 28 2015,West Ham,2-1,0-1,Southampton
Tue Dec 29 2015,Leicester,0-0,0-0,Man City
Wed Dec 30 2015,Sunderland,0-1,0-0,Liverpool
Sat Jan 2 2016,Arsenal,1-0,0-0,Newcastle
Sat Jan 2 2016,Leicester,0-0,0-0,Bournemouth
Sat Jan 2 2016,Man United,2-1,0-0,Swansea
Sat Jan 2 2016,Norwich,1-0,0-0,Southampton
Sat Jan 2 2016,Sunderland,3-1,1-0,Aston Villa
Sat Jan 2 2016,Watford,1-2,0-0,Man City
Sat Jan 2 2016,West Brom,2-1,0-0,Stoke
Sat Jan 2 2016,West Ham,2-0,1-0,Liverpool
Sun Jan 3 2016,Crystal Palace,0-3,0-1,Chelsea
Sun Jan 3 2016,Everton,1-1,1-1,Tottenham
Tue Jan 12 2016,Aston Villa,1-0,0-0,Crystal Palace
Tue Jan 12 2016,Bournemouth,1-3,1-0,West Ham
Tue Jan 12 2016,Newcastle,3-3,1-2,Man United
Wed Jan 13 2016,Chelsea,2-2,1-1,West Brom
Wed Jan 13 2016,Liverpool,3-3,2-2,Arsenal
Wed Jan 13 2016,Man City,0-0,0-0,Everton
Wed Jan 13 2016,Southampton,2-0,1-0,Watford
Wed Jan 13 2016,Stoke,3-1,0-0,Norwich
Wed Jan 13 2016,Swansea,2-4,2-1,Sunderland
Wed Jan 13 2016,Tottenham,0-1,0-0,Leicester
Sat Jan 16 2016,Aston Villa,1-1,0-1,Leicester
Sat Jan 16 2016,Bournemouth,3-0,1-0,Norwich
Sat Jan 16 2016,Chelsea,3-3,0-0,Everton
Sat Jan 16 2016,Man City,4-0,2-0,Crystal Palace
Sat Jan 16 2016,Newcastle,2-1,2-0,West Ham
Sat Jan 16 2016,Southampton,3-0,2-0,West Brom
Sat Jan 16 2016,Tottenham,4-1,1-1,Sunderland
Sun Jan 17 2016,Liverpool,0-1,0-0,Man United
Sun Jan 17 2016,Stoke,0-0,0-0,Arsenal
Mon Jan 18 2016,Swansea,1-0,1-0,Watford
Sat Jan 23 2016,Crystal Palace,1-3,1-0,Tottenham
Sat Jan 23 2016,Leicester,3-0,1-0,Stoke
Sat Jan 23 2016,Man United,0-1,0-0,Southampton
Sat Jan 23 2016,Norwich,4-5,2-1,Liverpool
Sat Jan 23 2016,Sunderland,1-1,1-1,Bournemouth
Sat Jan 23 2016,Watford,2-1,0-0,Newcastle
Sat Jan 23 2016,West Brom,0-0,0-0,Aston Villa
Sat Jan 23 2016,West Ham,2-2,1-1,Man City
Sun Jan 24 2016,Arsenal,0-1,0-1,Chelsea
Sun Jan 24 2016,Everton,1-2,1-2,Swansea
Tue Feb 2 2016,Arsenal,0-0,0-0,Southampton
Tue Feb 2 2016,Crystal Palace,1-2,1-1,Bournemouth
Tue Feb 2 2016,Leicester,2-0,0-0,Liverpool
Tue Feb 2 2016,Man United,3-0,2-0,Stoke
Tue Feb 2 2016,Norwich,0-3,0-2,Tottenham
Tue Feb 2 2016,Sunderland,0-1,0-1,Man City
Tue Feb 2 2016,West Brom,1-1,0-0,Swansea
Tue Feb 2 2016,West Ham,2-0,0-0,Aston Villa
Wed Feb 3 2016,Everton,3-0,1-0,Newcastle
Wed Feb 3 2016,Watford,0-0,0-0,Chelsea
Sat Feb 6 2016,Aston Villa,2-0,1-0,Norwich
Sat Feb 6 2016,Liverpool,2-2,0-0,Sunderland
Sat Feb 6 2016,Man City,1-3,0-1,Leicester
Sat Feb 6 2016,Newcastle,1-0,1-0,West Brom
Sat Feb 6 2016,Southampton,1-0,1-0,West Ham
Sat Feb 6 2016,Stoke,0-3,0-3,Everton
Sat Feb 6 2016,Swansea,1-1,1-0,Crystal Palace
Sat Feb 6 2016,Tottenham,1-0,0-0,Watford
Sun Feb 7 2016,Bournemouth,0-2,0-2,Arsenal
Sun Feb 7 2016,Chelsea,1-1,0-0,Man United
Sat Feb 13 2016,Bournemouth,1-3,0-1,Stoke
Sat Feb 13 2016,Chelsea,5-1,3-0,Newcastle
Sat Feb 13 2016,Crystal Palace,1-2,1-1,Watford
Sat Feb 13 2016,Everton,0-1,0-1,West Brom
Sat Feb 13 2016,Norwich,2-2,0-0,West Ham
Sat Feb 13 2016,Sunderland,2-1,1-1,Man United
Sat Feb 13 2016,Swansea,0-1,0-0,Southampton
Sun Feb 14 2016,Arsenal,2-1,0-1,Leicester
Sun Feb 14 2016,Aston Villa,0-6,0-2,Liverpool
Sun Feb 14 2016,Man City,1-2,0-0,Tottenham
Sat Feb 27 2016,Leicester,1-0,0-0,Norwich
Sat Feb 27 2016,Southampton,1-2,1-0,Chelsea
Sat Feb 27 2016,Stoke,2-1,0-0,Aston Villa
Sat Feb 27 2016,Watford,0-0,0-0,Bournemouth
Sat Feb 27 2016,West Brom,3-2,3-0,Crystal Palace
Sat Feb 27 2016,West Ham,1-0,1-0,Sunderland
Sun Feb 28 2016,Tottenham,2-1,0-1,Swansea
Sun Feb 28 2016,Man United,3-2,2-1,Arsenal
Tue Mar 1 2016,Aston Villa,1-3,0-2,Everton
Tue Mar 1 2016,Bournemouth,2-0,1-0,Southampton
Tue Mar 1 2016,Leicester,2-2,2-1,West Brom
Tue Mar 1 2016,Norwich,1-2,0-2,Chelsea
Tue Mar 1 2016,Sunderland,2-2,1-0,Crystal Palace
Wed Mar 2 2016,Arsenal,1-2,1-1,Swansea
Wed Mar 2 2016,Liverpool,3-0,2-0,Man City
Wed Mar 2 2016,Man United,1-0,0-0,Watford
Wed Mar 2 2016,Stoke,1-0,0-0,Newcastle
Wed Mar 2 2016,West Ham,1-0,1-0,Tottenham
Sat Mar 5 2016,Chelsea,1-1,1-0,Stoke
Sat Mar 5 2016,Everton,2-3,1-0,West Ham
Sat Mar 5 2016,Man City,4-0,0-0,Aston Villa
Sat Mar 5 2016,Newcastle,1-3,0-1,Bournemouth
Sat Mar 5 2016,Southampton,1-1,0-0,Sunderland
Sat Mar 5 2016,Swansea,1-0,0-0,Norwich
Sat Mar 5 2016,Tottenham,2-2,0-1,Arsenal
Sat Mar 5 2016,Watford,0-1,0-0,Leicester
Sun Mar 6 2016,Crystal Palace,1-2,0-0,Liverpool
Sun Mar 6 2016,West Brom,1-0,0-0,Man United
Sat Mar 12 2016,Bournemouth,3-2,1-1,Swansea
Sat Mar 12 2016,Norwich,0-0,0-0,Man City
Sat Mar 12 2016,Stoke,1-2,0-2,Southampton
Sun Mar 13 2016,Aston Villa,0-2,0-1,Tottenham
Mon Mar 14 2016,Leicester,1-0,1-0,Newcastle
Sat Mar 19 2016,Chelsea,2-2,1-1,West Ham
Sat Mar 19 2016,Crystal Palace,0-1,0-1,Leicester
Sat Mar 19 2016,Everton,0-2,0-2,Arsenal
Sat Mar 19 2016,Swansea,1-0,0-0,Aston Villa
Sat Mar 19 2016,Watford,1-2,0-1,Stoke
Sat Mar 19 2016,West Brom,0-1,0-0,Norwich
Sun Mar 20 2016,Man City,0-1,0-1,Man United
Sun Mar 20 2016,Newcastle,1-1,0-1,Sunderland
Sun Mar 20 2016,Southampton,3-2,0-2,Liverpool
Sun Mar 20 2016,Tottenham,3-0,2-0,Bournemouth
Sat Apr 2 2016,Arsenal,4-0,2-0,Watford
Sat Apr 2 2016,Aston Villa,0-4,0-2,Chelsea
Sat Apr 2 2016,Bournemouth,0-4,0-3,Man City
Sat Apr 2 2016,Liverpool,1-1,0-0,Tottenham
Sat Apr 2 2016,Norwich,3-2,1-0,Newcastle
Sat Apr 2 2016,Stoke,2-2,1-0,Swansea
Sat Apr 2 2016,Sunderland,0-0,0-0,West Brom
Sat Apr 2 2016,West Ham,2-2,2-1,Crystal Palace
Sun Apr 3 2016,Leicester,1-0,1-0,Southampton
Sun Apr 3 2016,Man United,1-0,0-0,Everton
Sat Apr 9 2016,Aston Villa,1-2,0-1,Bournemouth
Sat Apr 9 2016,Crystal Palace,1-0,0-0,Norwich
Sat Apr 9 2016,Man City,2-1,1-1,West Brom
Sat Apr 9 2016,Southampton,3-1,2-0,Newcastle
Sat Apr 9 2016,Swansea,1-0,1-0,Chelsea
Sat Apr 9 2016,Watford,1-1,1-1,Everton
Sat Apr 9 2016,West Ham,3-3,2-2,Arsenal
Sun Apr 10 2016,Liverpool,4-1,2-1,Stoke
Sun Apr 10 2016,Sunderland,0-2,0-0,Leicester
Sun Apr 10 2016,Tottenham,3-0,0-0,Man United
Wed Apr 13 2016,Crystal Palace,0-0,0-0,Everton
Sat Apr 16 2016,Chelsea,0-3,0-1,Man City
Sat Apr 16 2016,Everton,1-1,0-0,Southampton
Sat Apr 16 2016,Man United,1-0,1-0,Aston Villa
Sat Apr 16 2016,Newcastle,3-0,1-0,Swansea
Sat Apr 16 2016,Norwich,0-3,0-1,Sunderland
Sat Apr 16 2016,West Brom,0-1,0-1,Watford
Sun Apr 17 2016,Arsenal,1-1,1-0,Crystal Palace
Sun Apr 17 2016,Bournemouth,1-2,0-2,Liverpool
Sun Apr 17 2016,Leicester,2-2,1-0,West Ham
Mon Apr 18 2016,Stoke,0-4,0-1,Tottenham
Tue Apr 19 2016,Newcastle,1-1,1-1,Man City
Wed Apr 20 2016,Liverpool,4-0,2-0,Everton
Wed Apr 20 2016,Man United,2-0,1-0,Crystal Palace
Wed Apr 20 2016,West Ham,3-1,2-0,Watford
Thu Apr 21 2016,Arsenal,2-0,2-0,West Brom
Sat Apr 23 2016,Aston Villa,2-4,1-2,Southampton
Sat Apr 23 2016,Bournemouth,1-4,1-2,Chelsea
Sat Apr 23 2016,Liverpool,2-2,2-0,Newcastle
Sat Apr 23 2016,Man City,4-0,2-0,Stoke
Sun Apr 24 2016,Leicester,4-0,2-0,Swansea
Sun Apr 24 2016,Sunderland,0-0,0-0,Arsenal
Mon Apr 25 2016,Tottenham,1-1,1-0,West Brom
Sat Apr 30 2016,Arsenal,1-0,0-0,Norwich
Sat Apr 30 2016,Everton,2-1,1-1,Bournemouth
Sat Apr 30 2016,Newcastle,1-0,0-0,Crystal Palace
Sat Apr 30 2016,Stoke,1-1,0-0,Sunderland
Sat Apr 30 2016,Watford,3-2,1-1,Aston Villa
Sat Apr 30 2016,West Brom,0-3,0-2,West Ham
Sun May 1 2016,Man United,1-1,1-1,Leicester
Sun May 1 2016,Southampton,4-2,2-1,Man City
Sun May 1 2016,Swansea,3-1,2-0,Liverpool
Mon May 2 2016,Chelsea,2-2,0-2,Tottenham
Sat May 7 2016,Aston Villa,0-0,0-0,Newcastle
Sat May 7 2016,Bournemouth,1-1,0-1,West Brom
Sat May 7 2016,Crystal Palace,2-1,0-1,Stoke
Sat May 7 2016,Leicester,3-1,2-0,Everton
Sat May 7 2016,Norwich,0-1,0-0,Man United
Sat May 7 2016,Sunderland,3-2,1-2,Chelsea
Sat May 7 2016,West Ham,1-4,0-2,Swansea
Sun May 8 2016,Liverpool,2-0,1-0,Watford
Sun May 8 2016,Man City,2-2,1-1,Arsenal
Sun May 8 2016,Tottenham,1-2,1-1,Southampton
Tue May 10 2016,West Ham,3-2,1-0,Man United
Wed May 11 2016,Liverpool,1-1,0-1,Chelsea
Wed May 11 2016,Norwich,4-2,3-1,Watford
Wed May 11 2016,Sunderland,3-0,2-0,Everton
Sun May 15 2016,Arsenal,4-0,1-0,Aston Villa
Sun May 15 2016,Chelsea,1-1,0-0,Leicester
Sun May 15 2016,Everton,3-0,2-0,Norwich
Sun May 15 2016,Newcastle,5-1,2-0,Tottenham
Sun May 15 2016,Southampton,4-1,1-0,Crystal Palace
Sun May 15 2016,Stoke,2-1,0-1,West Ham
Sun May 15 2016,Swansea,1-1,1-1,Man City
Sun May 15 2016,Watford,2-2,0-1,Sunderland
Sun May 15 2016,West Brom,1-1,1-1,Liverpool
Tue May 17 2016,Man United,3-1,1-0,Bournemouth
Sat Aug 13 2016,Burnley,0-1,0-0,Swansea
Sat Aug 13 2016,Crystal Palace,0-1,0-0,West Brom
Sat Aug 13 2016,Everton,1-1,1-0,Tottenham
Sat Aug 13 2016,Hull,2-1,1-0,Leicester
Sat Aug 13 2016,Man City,2-1,1-0,Sunderland
Sat Aug 13 2016,Middlesbrough,1-1,1-0,Stoke
Sat Aug 13 2016,Southampton,1-1,0-1,Watford
Sun Aug 14 2016,Arsenal,3-4,1-1,Liverpool
Sun Aug 14 2016,Bournemouth,1-3,0-1,Man United
Mon Aug 15 2016,Chelsea,2-1,0-0,West Ham
Fri Aug 19 2016,Man United,2-0,1-0,Southampton
Sat Aug 20 2016,Burnley,2-0,2-0,Liverpool
Sat Aug 20 2016,Leicester,0-0,0-0,Arsenal
Sat Aug 20 2016,Stoke,1-4,0-2,Man City
Sat Aug 20 2016,Swansea,0-2,0-0,Hull
Sat Aug 20 2016,Tottenham,1-0,0-0,Crystal Palace
Sat Aug 20 2016,Watford,1-2,0-0,Chelsea
Sat Aug 20 2016,West Brom,1-2,1-1,Everton
Sun Aug 21 2016,Sunderland,1-2,0-2,Middlesbrough
Sun Aug 21 2016,West Ham,1-0,0-0,Bournemouth
Sat Aug 27 2016,Chelsea,3-0,2-0,Burnley
Sat Aug 27 2016,Crystal Palace,1-1,0-1,Bournemouth
Sat Aug 27 2016,Everton,1-0,0-0,Stoke
Sat Aug 27 2016,Hull,0-1,0-0,Man United
Sat Aug 27 2016,Leicester,2-1,1-0,Swansea
Sat Aug 27 2016,Southampton,1-1,0-0,Sunderland
Sat Aug 27 2016,Tottenham,1-1,0-1,Liverpool
Sat Aug 27 2016,Watford,1-3,0-3,Arsenal
Sun Aug 28 2016,Man City,3-1,2-0,West Ham
Sun Aug 28 2016,West Brom,0-0,0-0,Middlesbrough
Sat Sep 10 2016,Arsenal,2-1,1-1,Southampton
Sat Sep 10 2016,Bournemouth,1-0,0-0,West Brom
Sat Sep 10 2016,Burnley,1-1,0-0,Hull
Sat Sep 10 2016,Liverpool,4-1,2-1,Leicester
Sat Sep 10 2016,Man United,1-2,1-2,Man City
Sat Sep 10 2016,Middlesbrough,1-2,1-1,Crystal Palace
Sat Sep 10 2016,Stoke,0-4,0-1,Tottenham
Sat Sep 10 2016,West Ham,2-4,2-2,Watford
Sun Sep 11 2016,Swansea,2-2,0-1,Chelsea
Mon Sep 12 2016,Sunderland,0-3,0-0,Everton
Fri Sep 16 2016,Chelsea,1-2,0-2,Liverpool
Sat Sep 17 2016,Everton,3-1,3-1,Middlesbrough
Sat Sep 17 2016,Hull,1-4,0-1,Arsenal
Sat Sep 17 2016,Leicester,3-0,1-0,Burnley
Sat Sep 17 2016,Man City,4-0,2-0,Bournemouth
Sat Sep 17 2016,West Brom,4-2,3-0,West Ham
Sun Sep 18 2016,Crystal Palace,4-1,2-0,Stoke
Sun Sep 18 2016,Southampton,1-0,0-0,Swansea
Sun Sep 18 2016,Tottenham,1-0,0-0,Sunderland
Sun Sep 18 2016,Watford,3-1,1-0,Man United
Sat Sep 24 2016,Arsenal,3-0,3-0,Chelsea
Sat Sep 24 2016,Bournemouth,1-0,1-0,Everton
Sat Sep 24 2016,Liverpool,5-1,3-0,Hull
Sat Sep 24 2016,Man United,4-1,4-0,Leicester
Sat Sep 24 2016,Middlesbrough,1-2,0-2,Tottenham
Sat Sep 24 2016,Stoke,1-1,0-0,West Brom
Sat Sep 24 2016,Sunderland,2-3,1-0,Crystal Palace
Sat Sep 24 2016,Swansea,1-3,1-1,Man City
Sun Sep 25 2016,West Ham,0-3,0-1,Southampton
Mon Sep 26 2016,Burnley,2-0,1-0,Watford
Fri Sep 30 2016,Everton,1-1,1-0,Crystal Palace
Sat Oct 1 2016,Hull,0-2,0-0,Chelsea
Sat Oct 1 2016,Sunderland,1-1,0-1,West Brom
Sat Oct 1 2016,Swansea,1-2,1-0,Liverpool
Sat Oct 1 2016,Watford,2-2,0-1,Bournemouth
Sat Oct 1 2016,West Ham,1-1,0-0,Middlesbrough
Sun Oct 2 2016,Burnley,0-1,0-0,Arsenal
Sun Oct 2 2016,Leicester,0-0,0-0,Southampton
Sun Oct 2 2016,Man United,1-1,0-0,Stoke
Sun Oct 2 2016,Tottenham,2-0,2-0,Man City
Sat Oct 15 2016,Arsenal,3-2,2-1,Swansea
Sat Oct 15 2016,Bournemouth,6-1,3-1,Hull
Sat Oct 15 2016,Chelsea,3-0,2-0,Leicester
Sat Oct 15 2016,Crystal Palace,0-1,0-1,West Ham
Sat Oct 15 2016,Man City,1-1,0-0,Everton
Sat Oct 15 2016,Stoke,2-0,2-0,Sunderland
Sat Oct 15 2016,West Brom,1-1,0-0,Tottenham
Sun Oct 16 2016,Middlesbrough,0-1,0-0,Watford
Sun Oct 16 2016,Southampton,3-1,0-0,Burnley
Mon Oct 17 2016,Liverpool,0-0,0-0,Man United
Sat Oct 22 2016,Arsenal,0-0,0-0,Middlesbrough
Sat Oct 22 2016,Bournemouth,0-0,0-0,Tottenham
Sat Oct 22 2016,Burnley,2-1,1-0,Everton
Sat Oct 22 2016,Hull,0-2,0-1,Stoke
Sat Oct 22 2016,Leicester,3-1,1-0,Crystal Palace
Sat Oct 22 2016,Liverpool,2-1,2-0,West Brom
Sat Oct 22 2016,Swansea,0-0,0-0,Watford
Sat Oct 22 2016,West Ham,1-0,0-0,Sunderland
Sun Oct 23 2016,Chelsea,4-0,2-0,Man United
Sun Oct 23 2016,Man City,1-1,0-1,Southampton
Sat Oct 29 2016,Crystal Palace,2-4,2-3,Liverpool
Sat Oct 29 2016,Man United,0-0,0-0,Burnley
Sat Oct 29 2016,Middlesbrough,2-0,1-0,Bournemouth
Sat Oct 29 2016,Sunderland,1-4,0-1,Arsenal
Sat Oct 29 2016,Tottenham,1-1,1-0,Leicester
Sat Oct 29 2016,Watford,1-0,0-0,Hull
Sat Oct 29 2016,West Brom,0-4,0-2,Man City
Sun Oct 30 2016,Everton,2-0,0-0,West Ham
Sun Oct 30 2016,Southampton,0-2,0-1,Chelsea
Mon Oct 31 2016,Stoke,3-1,1-1,Swansea
Sat Nov 5 2016,Bournemouth,1-2,1-1,Sunderland
Sat Nov 5 2016,Burnley,3-2,2-0,Crystal Palace
Sat Nov 5 2016,Chelsea,5-0,3-0,Everton
Sat Nov 5 2016,Man City,1-1,1-0,Middlesbrough
Sat Nov 5 2016,West Ham,1-1,0-0,Stoke
Sun Nov 6 2016,Arsenal,1-1,1-0,Tottenham
Sun Nov 6 2016,Hull,2-1,0-1,Southampton
Sun Nov 6 2016,Leicester,1-2,0-0,West Brom
Sun Nov 6 2016,Liverpool,6-1,3-0,Watford
Sun Nov 6 2016,Swansea,1-3,0-3,Man United
Sat Nov 19 2016,Crystal Palace,1-2,0-1,Man City
Sat Nov 19 2016,Everton,1-1,0-1,Swansea
Sat Nov 19 2016,Man United,1-1,0-0,Arsenal
Sat Nov 19 2016,Southampton,0-0,0-0,Liverpool
Sat Nov 19 2016,Stoke,0-1,0-1,Bournemouth
Sat Nov 19 2016,Sunderland,3-0,1-0,Hull
Sat Nov 19 2016,Tottenham,3-2,0-1,West Ham
Sat Nov 19 2016,Watford,2-1,2-1,Leicester
Sun Nov 20 2016,Middlesbrough,0-1,0-1,Chelsea
Mon Nov 21 2016,West Brom,4-0,3-0,Burnley
Sat Nov 26 2016,Burnley,1-2,1-1,Man City
Sat Nov 26 2016,Chelsea,2-1,1-1,Tottenham
Sat Nov 26 2016,Hull,1-1,0-1,West Brom
Sat Nov 26 2016,Leicester,2-2,1-1,Middlesbrough
Sat Nov 26 2016,Liverpool,2-0,0-0,Sunderland
Sat Nov 26 2016,Swansea,5-4,1-1,Crystal Palace
Sun Nov 27 2016,Arsenal,3-1,1-1,Bournemouth
Sun Nov 27 2016,Man United,1-1,1-1,West Ham
Sun Nov 27 2016,Southampton,1-0,1-0,Everton
Sun Nov 27 2016,Watford,0-1,0-1,Stoke
Sat Dec 3 2016,Crystal Palace,3-0,2-0,Southampton
Sat Dec 3 2016,Man City,1-3,1-0,Chelsea
Sat Dec 3 2016,Stoke,2-0,2-0,Burnley
Sat Dec 3 2016,Sunderland,2-1,0-0,Leicester
Sat Dec 3 2016,Tottenham,5-0,2-0,Swansea
Sat Dec 3 2016,West Brom,3-1,2-0,Watford
Sat Dec 3 2016,West Ham,1-5,0-1,Arsenal
Sun Dec 4 2016,Bournemouth,4-3,0-2,Liverpool
Sun Dec 4 2016,Everton,1-1,0-1,Man United
Mon Dec 5 2016,Middlesbrough,1-0,0-0,Hull
Sat Dec 10 2016,Arsenal,3-1,1-1,Stoke
Sat Dec 10 2016,Burnley,3-2,2-1,Bournemouth
Sat Dec 10 2016,Hull,3-3,1-0,Crystal Palace
Sat Dec 10 2016,Leicester,4-2,3-0,Man City
Sat Dec 10 2016,Swansea,3-0,0-0,Sunderland
Sat Dec 10 2016,Watford,3-2,1-1,Everton
Sun Dec 11 2016,Chelsea,1-0,0-0,West Brom
Sun Dec 11 2016,Liverpool,2-2,1-2,West Ham
Sun Dec 11 2016,Man United,1-0,1-0,Tottenham
Sun Dec 11 2016,Southampton,1-0,0-0,Middlesbrough
Tue Dec 13 2016,Bournemouth,1-0,1-0,Leicester
Tue Dec 13 2016,Everton,2-1,1-1,Arsenal
Wed Dec 14 2016,Crystal Palace,1-2,0-1,Man United
Wed Dec 14 2016,Man City,2-0,1-0,Watford
Wed Dec 14 2016,Middlesbrough,0-3,0-1,Liverpool
Wed Dec 14 2016,Stoke,0-0,0-0,Southampton
Wed Dec 14 2016,Sunderland,0-1,0-1,Chelsea
Wed Dec 14 2016,Tottenham,3-0,1-0,Hull
Wed Dec 14 2016,West Brom,3-1,0-0,Swansea
Wed Dec 14 2016,West Ham,1-0,1-0,Burnley
Sat Dec 17 2016,Crystal Palace,0-1,0-1,Chelsea
Sat Dec 17 2016,Middlesbrough,3-0,2-0,Swansea
Sat Dec 17 2016,Stoke,2-2,2-0,Leicester
Sat Dec 17 2016,Sunderland,1-0,0-0,Watford
Sat Dec 17 2016,West Brom,0-2,0-1,Man United
Sat Dec 17 2016,West Ham,1-0,0-0,Hull
Sun Dec 18 2016,Bournemouth,1-3,1-1,Southampton
Sun Dec 18 2016,Man City,2-1,0-1,Arsenal
Sun Dec 18 2016,Tottenham,2-1,1-1,Burnley
Mon Dec 19 2016,Everton,0-1,0-0,Liverpool
Mon Dec 26 2016,Arsenal,1-0,0-0,West Brom
Mon Dec 26 2016,Burnley,1-0,0-0,Middlesbrough
Mon Dec 26 2016,Chelsea,3-0,1-0,Bournemouth
Mon Dec 26 2016,Hull,0-3,0-0,Man City
Mon Dec 26 2016,Leicester,0-2,0-0,Everton
Mon Dec 26 2016,Man United,3-1,1-0,Sunderland
Mon Dec 26 2016,Swansea,1-4,0-1,West Ham
Mon Dec 26 2016,Watford,1-1,0-1,Crystal Palace
Tue Dec 27 2016,Liverpool,4-1,2-1,Stoke
Wed Dec 28 2016,Southampton,1-4,1-1,Tottenham
Fri Dec 30 2016,Hull,2-2,1-1,Everton
Sat Dec 31 2016,Burnley,4-1,1-0,Sunderland
Sat Dec 31 2016,Chelsea,4-2,1-0,Stoke
Sat Dec 31 2016,Leicester,1-0,1-0,West Ham
Sat Dec 31 2016,Liverpool,1-0,1-0,Man City
Sat Dec 31 2016,Man United,2-1,0-0,Middlesbrough
Sat Dec 31 2016,Southampton,1-2,1-1,West Brom
Sat Dec 31 2016,Swansea,0-3,0-2,Bournemouth
Sun Jan 1 2017,Arsenal,2-0,1-0,Crystal Palace
Sun Jan 1 2017,Watford,1-4,0-3,Tottenham
Mon Jan 2 2017,Everton,3-0,0-0,Southampton
Mon Jan 2 2017,Man City,2-1,0-0,Burnley
Mon Jan 2 2017,Middlesbrough,0-0,0-0,Leicester
Mon Jan 2 2017,Sunderland,2-2,1-1,Liverpool
Mon Jan 2 2017,West Brom,3-1,0-1,Hull
Mon Jan 2 2017,West Ham,0-2,0-0,Man United
Tue Jan 3 2017,Bournemouth,3-3,2-0,Arsenal
Tue Jan 3 2017,Crystal Palace,1-2,0-1,Swansea
Tue Jan 3 2017,Stoke,2-0,1-0,Watford
Wed Jan 4 2017,Tottenham,2-0,1-0,Chelsea
Sat Jan 14 2017,Burnley,1-0,0-0,Southampton
Sat Jan 14 2017,Hull,3-1,1-1,Bournemouth
Sat Jan 14 2017,Leicester,0-3,0-1,Chelsea
Sat Jan 14 2017,Sunderland,1-3,1-3,Stoke
Sat Jan 14 2017,Swansea,0-4,0-1,Arsenal
Sat Jan 14 2017,Tottenham,4-0,2-0,West Brom
Sat Jan 14 2017,Watford,0-0,0-0,Middlesbrough
Sat Jan 14 2017,West Ham,3-0,0-0,Crystal Palace
Sun Jan 15 2017,Everton,4-0,1-0,Man City
Sun Jan 15 2017,Man United,1-1,0-1,Liverpool
Sat Jan 21 2017,Bournemouth,2-2,0-1,Watford
Sat Jan 21 2017,Crystal Palace,0-1,0-0,Everton
Sat Jan 21 2017,Liverpool,2-3,0-0,Swansea
Sat Jan 21 2017,Man City,2-2,0-0,Tottenham
Sat Jan 21 2017,Middlesbrough,1-3,1-2,West Ham
Sat Jan 21 2017,Stoke,1-1,1-0,Man United
Sat Jan 21 2017,West Brom,2-0,2-0,Sunderland
Sun Jan 22 2017,Arsenal,2-1,0-0,Burnley
Sun Jan 22 2017,Chelsea,2-0,1-0,Hull
Sun Jan 22 2017,Southampton,3-0,2-0,Leicester
Tue Jan 31 2017,Arsenal,1-2,0-2,Watford
Tue Jan 31 2017,Bournemouth,0-2,0-0,Crystal Palace
Tue Jan 31 2017,Burnley,1-0,0-0,Leicester
Tue Jan 31 2017,Liverpool,1-1,0-1,Chelsea
Tue Jan 31 2017,Middlesbrough,1-1,1-1,West Brom
Tue Jan 31 2017,Sunderland,0-0,0-0,Tottenham
Tue Jan 31 2017,Swansea,2-1,1-0,Southampton
Wed Feb 1 2017,Man United,0-0,0-0,Hull
Wed Feb 1 2017,Stoke,1-1,1-1,Everton
Wed Feb 1 2017,West Ham,0-4,0-3,Man City
Sat Feb 4 2017,Chelsea,3-1,1-0,Arsenal
Sat Feb 4 2017,Crystal Palace,0-4,0-4,Sunderland
Sat Feb 4 2017,Everton,6-3,3-0,Bournemouth
Sat Feb 4 2017,Hull,2-0,1-0,Liverpool
Sat Feb 4 2017,Southampton,1-3,1-2,West Ham
Sat Feb 4 2017,Tottenham,1-0,0-0,Middlesbrough
Sat Feb 4 2017,Watford,2-1,2-0,Burnley
Sat Feb 4 2017,West Brom,1-0,1-0,Stoke
Sun Feb 5 2017,Leicester,0-3,0-2,Man United
Sun Feb 5 2017,Man City,2-1,1-0,Swansea
Sat Feb 11 2017,Arsenal,2-0,1-0,Hull
Sat Feb 11 2017,Liverpool,2-0,2-0,Tottenham
Sat Feb 11 2017,Man United,2-0,1-0,Watford
Sat Feb 11 2017,Middlesbrough,0-0,0-0,Everton
Sat Feb 11 2017,Stoke,1-0,0-0,Crystal Palace
Sat Feb 11 2017,Sunderland,0-4,0-2,Southampton
Sat Feb 11 2017,West Ham,2-2,0-1,West Brom
Sun Feb 12 2017,Burnley,1-1,1-1,Chelsea
Sun Feb 12 2017,Swansea,2-0,2-0,Leicester
Mon Feb 13 2017,Bournemouth,0-2,0-1,Man City
Sat Feb 25 2017,Chelsea,3-1,1-1,Swansea
Sat Feb 25 2017,Crystal Palace,1-0,1-0,Middlesbrough
Sat Feb 25 2017,Everton,2-0,1-0,Sunderland
Sat Feb 25 2017,Hull,1-1,0-0,Burnley
Sat Feb 25 2017,Watford,1-1,1-0,West Ham
Sat Feb 25 2017,West Brom,2-1,2-1,Bournemouth
Sun Feb 26 2017,Tottenham,4-0,4-0,Stoke
Mon Feb 27 2017,Leicester,3-1,2-0,Liverpool
Sat Mar 4 2017,Leicester,3-1,1-1,Hull
Sat Mar 4 2017,Liverpool,3-1,2-0,Arsenal
Sat Mar 4 2017,Man United,1-1,1-1,Bournemouth
Sat Mar 4 2017,Stoke,2-0,2-0,Middlesbrough
Sat Mar 4 2017,Swansea,3-2,1-1,Burnley
Sat Mar 4 2017,Watford,3-4,1-2,Southampton
Sat Mar 4 2017,West Brom,0-2,0-0,Crystal Palace
Sun Mar 5 2017,Sunderland,0-2,0-1,Man City
Sun Mar 5 2017,Tottenham,3-2,1-0,Everton
Mon Mar 6 2017,West Ham,1-2,0-1,Chelsea
Wed Mar 8 2017,Man City,0-0,0-0,Stoke
Sat Mar 11 2017,Bournemouth,3-2,1-1,West Ham
Sat Mar 11 2017,Everton,3-0,2-0,West Brom
Sat Mar 11 2017,Hull,2-1,0-0,Swansea
Sun Mar 12 2017,Liverpool,2-1,1-1,Burnley
Sat Mar 18 2017,Bournemouth,2-0,1-0,Swansea
Sat Mar 18 2017,Crystal Palace,1-0,0-0,Watford
Sat Mar 18 2017,Everton,4-0,1-0,Hull
Sat Mar 18 2017,Stoke,1-2,1-1,Chelsea
Sat Mar 18 2017,Sunderland,0-0,0-0,Burnley
Sat Mar 18 2017,West Brom,3-1,1-1,Arsenal
Sat Mar 18 2017,West Ham,2-3,1-3,Leicester
Sun Mar 19 2017,Man City,1-1,0-0,Liverpool
Sun Mar 19 2017,Middlesbrough,1-3,0-1,Man United
Sun Mar 19 2017,Tottenham,2-1,2-0,Southampton
Sat Apr 1 2017,Burnley,0-2,0-0,Tottenham
Sat Apr 1 2017,Chelsea,1-2,1-2,Crystal Palace
Sat Apr 1 2017,Hull,2-1,0-1,West Ham
Sat Apr 1 2017,Leicester,2-0,1-0,Stoke
Sat Apr 1 2017,Liverpool,3-1,2-1,Everton
Sat Apr 1 2017,Man United,0-0,0-0,West Brom
Sat Apr 1 2017,Southampton,0-0,0-0,Bournemouth
Sat Apr 1 2017,Watford,1-0,0-0,Sunderland
Sun Apr 2 2017,Arsenal,2-2,1-2,Man City
Sun Apr 2 2017,Swansea,0-0,0-0,Middlesbrough
Tue Apr 4 2017,Burnley,1-0,0-0,Stoke
Tue Apr 4 2017,Leicester,2-0,0-0,Sunderland
Tue Apr 4 2017,Man United,1-1,0-1,Everton
Tue Apr 4 2017,Watford,2-0,1-0,West Brom
Wed Apr 5 2017,Arsenal,3-0,0-0,West Ham
Wed Apr 5 2017,Chelsea,2-1,2-1,Man City
Wed Apr 5 2017,Hull,4-2,3-2,Middlesbrough
Wed Apr 5 2017,Liverpool,2-2,1-1,Bournemouth
Wed Apr 5 2017,Southampton,3-1,1-1,Crystal Palace
Wed Apr 5 2017,Swansea,1-3,1-0,Tottenham
Sat Apr 8 2017,Bournemouth,1-3,1-2,Chelsea
Sat Apr 8 2017,Man City,3-1,1-0,Hull
Sat Apr 8 2017,Middlesbrough,0-0,0-0,Burnley
Sat Apr 8 2017,Stoke,1-2,1-0,Liverpool
Sat Apr 8 2017,Tottenham,4-0,3-0,Watford
Sat Apr 8 2017,West Brom,0-1,0-1,Southampton
Sat Apr 8 2017,West Ham,1-0,1-0,Swansea
Sun Apr 9 2017,Everton,4-2,3-2,Leicester
Sun Apr 9 2017,Sunderland,0-3,0-1,Man United
Mon Apr 10 2017,Crystal Palace,3-0,1-0,Arsenal
Sat Apr 15 2017,Crystal Palace,2-2,0-1,Leicester
Sat Apr 15 2017,Everton,3-1,0-0,Burnley
Sat Apr 15 2017,Southampton,0-3,0-0,Man City
Sat Apr 15 2017,Stoke,3-1,1-0,Hull
Sat Apr 15 2017,Sunderland,2-2,1-1,West Ham
Sat Apr 15 2017,Tottenham,4-0,2-0,Bournemouth
Sat Apr 15 2017,Watford,1-0,1-0,Swansea
Sun Apr 16 2017,Man United,2-0,1-0,Chelsea
Sun Apr 16 2017,West Brom,0-1,0-1,Liverpool
Mon Apr 17 2017,Middlesbrough,1-2,0-1,Arsenal
Sat Apr 22 2017,Bournemouth,4-0,2-0,Middlesbrough
Sat Apr 22 2017,Hull,2-0,0-0,Watford
Sat Apr 22 2017,Swansea,2-0,1-0,Stoke
Sat Apr 22 2017,West Ham,0-0,0-0,Everton
Sun Apr 23 2017,Burnley,0-2,0-2,Man United
Sun Apr 23 2017,Liverpool,1-2,1-1,Crystal Palace
Tue Apr 25 2017,Chelsea,4-2,2-1,Southampton
Wed Apr 26 2017,Arsenal,1-0,0-0,Leicester
Wed Apr 26 2017,Crystal Palace,0-1,0-0,Tottenham
Wed Apr 26 2017,Middlesbrough,1-0,1-0,Sunderland
Thu Apr 27 2017,Man City,0-0,0-0,Man United
Sat Apr 29 2017,Crystal Palace,0-2,0-1,Burnley
Sat Apr 29 2017,Southampton,0-0,0-0,Hull
Sat Apr 29 2017,Stoke,0-0,0-0,West Ham
Sat Apr 29 2017,Sunderland,0-1,0-0,Bournemouth
Sat Apr 29 2017,West Brom,0-1,0-1,Leicester
Sun Apr 30 2017,Everton,0-3,0-0,Chelsea
Sun Apr 30 2017,Man United,1-1,1-0,Swansea
Sun Apr 30 2017,Middlesbrough,2-2,1-0,Man City
Sun Apr 30 2017,Tottenham,2-0,0-0,Arsenal
Mon May 1 2017,Watford,0-1,0-1,Liverpool
Fri May 5 2017,West Ham,1-0,0-0,Tottenham
Sat May 6 2017,Bournemouth,2-2,0-1,Stoke
Sat May 6 2017,Burnley,2-2,0-0,West Brom
Sat May 6 2017,Hull,0-2,0-0,Sunderland
Sat May 6 2017,Leicester,3-0,1-0,Watford
Sat May 6 2017,Man City,5-0,1-0,Crystal Palace
Sat May 6 2017,Swansea,1-0,1-0,Everton
Sun May 7 2017,Arsenal,2-0,0-0,Man United
Sun May 7 2017,Liverpool,0-0,0-0,Southampton
Mon May 8 2017,Chelsea,3-0,2-0,Middlesbrough
Wed May 10 2017,Southampton,0-2,0-0,Arsenal
Fri May 12 2017,Everton,1-0,0-0,Watford
Fri May 12 2017,West Brom,0-1,0-0,Chelsea
Sat May 13 2017,Bournemouth,2-1,1-0,Burnley
Sat May 13 2017,Man City,2-1,2-1,Leicester
Sat May 13 2017,Middlesbrough,1-2,0-1,Southampton
Sat May 13 2017,Stoke,1-4,0-1,Arsenal
Sat May 13 2017,Sunderland,0-2,0-2,Swansea
Sun May 14 2017,Crystal Palace,4-0,2-0,Hull
Sun May 14 2017,Tottenham,2-1,1-0,Man United
Sun May 14 2017,West Ham,0-4,0-1,Liverpool
Mon May 15 2017,Chelsea,4-3,2-1,Watford
Tue May 16 2017,Arsenal,2-0,0-0,Sunderland
Tue May 16 2017,Man City,3-1,2-0,West Brom
Wed May 17 2017,Southampton,0-0,0-0,Man United
Thu May 18 2017,Leicester,1-6,0-2,Tottenham
Sun May 21 2017,Arsenal,3-1,2-0,Everton
Sun May 21 2017,Burnley,1-2,1-1,West Ham
Sun May 21 2017,Chelsea,5-1,1-1,Sunderland
Sun May 21 2017,Hull,1-7,0-3,Tottenham
Sun May 21 2017,Leicester,1-1,0-1,Bournemouth
Sun May 21 2017,Liverpool,3-0,1-0,Middlesbrough
Sun May 21 2017,Man United,2-0,2-0,Crystal Palace
Sun May 21 2017,Southampton,0-1,0-0,Stoke
Sun May 21 2017,Swansea,2-1,0-1,West Brom
Sun May 21 2017,Watford,0-5,0-4,Man City
Fri Aug 11 2017,Arsenal,4-3,2-2,Leicester
Sat Aug 12 2017,Brighton,0-2,0-0,Man City
Sat Aug 12 2017,Chelsea,2-3,0-3,Burnley
Sat Aug 12 2017,Crystal Palace,0-3,0-2,Huddersfield
Sat Aug 12 2017,Everton,1-0,1-0,Stoke
Sat Aug 12 2017,Southampton,0-0,0-0,Swansea
Sat Aug 12 2017,Watford,3-3,2-1,Liverpool
Sat Aug 12 2017,West Brom,1-0,1-0,Bournemouth
Sun Aug 13 2017,Man United,4-0,1-0,West Ham
Sun Aug 13 2017,Newcastle,0-2,0-0,Tottenham
Sat Aug 19 2017,Bournemouth,0-2,0-0,Watford
Sat Aug 19 2017,Burnley,0-1,0-0,West Brom
Sat Aug 19 2017,Leicester,2-0,1-0,Brighton
Sat Aug 19 2017,Liverpool,1-0,0-0,Crystal Palace
Sat Aug 19 2017,Southampton,3-2,2-1,West Ham
Sat Aug 19 2017,Stoke,1-0,0-0,Arsenal
Sat Aug 19 2017,Swansea,0-4,0-1,Man United
Sun Aug 20 2017,Huddersfield,1-0,0-0,Newcastle
Sun Aug 20 2017,Tottenham,1-2,0-1,Chelsea
Mon Aug 21 2017,Man City,1-1,0-1,Everton
Sat Aug 26 2017,Bournemouth,1-2,1-1,Man City
Sat Aug 26 2017,Crystal Palace,0-2,0-1,Swansea
Sat Aug 26 2017,Huddersfield,0-0,0-0,Southampton
Sat Aug 26 2017,Man United,2-0,0-0,Leicester
Sat Aug 26 2017,Newcastle,3-0,1-0,West Ham
Sat Aug 26 2017,Watford,0-0,0-0,Brighton
Sun Aug 27 2017,Chelsea,2-0,2-0,Everton
Sun Aug 27 2017,Liverpool,4-0,2-0,Arsenal
Sun Aug 27 2017,Tottenham,1-1,0-0,Burnley
Sun Aug 27 2017,West Brom,1-1,0-0,Stoke
Sat Sep 9 2017,Arsenal,3-0,2-0,Bournemouth
Sat Sep 9 2017,Brighton,3-1,1-0,West Brom
Sat Sep 9 2017,Everton,0-3,0-2,Tottenham
Sat Sep 9 2017,Leicester,1-2,0-1,Chelsea
Sat Sep 9 2017,Man City,5-0,2-0,Liverpool
Sat Sep 9 2017,Southampton,0-2,0-1,Watford
Sat Sep 9 2017,Stoke,2-2,1-1,Man United
Sun Sep 10 2017,Burnley,1-0,1-0,Crystal Palace
Sun Sep 10 2017,Swansea,0-1,0-0,Newcastle
Mon Sep 11 2017,West Ham,2-0,0-0,Huddersfield
Fri Sep 15 2017,Bournemouth,2-1,0-0,Brighton
Sat Sep 16 2017,Crystal Palace,0-1,0-1,Southampton
Sat Sep 16 2017,Huddersfield,1-1,0-0,Leicester
Sat Sep 16 2017,Liverpool,1-1,1-1,Burnley
Sat Sep 16 2017,Newcastle,2-1,1-0,Stoke
Sat Sep 16 2017,Tottenham,0-0,0-0,Swansea
Sat Sep 16 2017,Watford,0-6,0-3,Man City
Sat Sep 16 2017,West Brom,0-0,0-0,West Ham
Sun Sep 17 2017,Chelsea,0-0,0-0,Arsenal
Sun Sep 17 2017,Man United,4-0,1-0,Everton
Sat Sep 23 2017,Burnley,0-0,0-0,Huddersfield
Sat Sep 23 2017,Everton,2-1,0-0,Bournemouth
Sat Sep 23 2017,Leicester,2-3,1-2,Liverpool
Sat Sep 23 2017,Man City,5-0,1-0,Crystal Palace
Sat Sep 23 2017,Southampton,0-1,0-1,Man United
Sat Sep 23 2017,Stoke,0-4,0-2,Chelsea
Sat Sep 23 2017,Swansea,1-2,0-1,Watford
Sat Sep 23 2017,West Ham,2-3,0-2,Tottenham
Sun Sep 24 2017,Brighton,1-0,0-0,Newcastle
Mon Sep 25 2017,Arsenal,2-0,1-0,West Brom
Sat Sep 30 2017,Bournemouth,0-0,0-0,Leicester
Sat Sep 30 2017,Chelsea,0-1,0-0,Man City
Sat Sep 30 2017,Huddersfield,0-4,0-3,Tottenham
Sat Sep 30 2017,Man United,4-0,2-0,Crystal Palace
Sat Sep 30 2017,Stoke,2-1,1-0,Southampton
Sat Sep 30 2017,West Brom,2-2,2-1,Watford
Sat Sep 30 2017,West Ham,1-0,0-0,Swansea
Sun Oct 1 2017,Arsenal,2-0,1-0,Brighton
Sun Oct 1 2017,Everton,0-1,0-1,Burnley
Sun Oct 1 2017,Newcastle,1-1,1-1,Liverpool
Sat Oct 14 2017,Burnley,1-1,0-1,West Ham
Sat Oct 14 2017,Crystal Palace,2-1,2-1,Chelsea
Sat Oct 14 2017,Liverpool,0-0,0-0,Man United
Sat Oct 14 2017,Man City,7-2,3-1,Stoke
Sat Oct 14 2017,Swansea,2-0,1-0,Huddersfield
Sat Oct 14 2017,Tottenham,1-0,0-0,Bournemouth
Sat Oct 14 2017,Watford,2-1,0-1,Arsenal
Sun Oct 15 2017,Brighton,1-1,0-0,Everton
Sun Oct 15 2017,Southampton,2-2,0-1,Newcastle
Mon Oct 16 2017,Leicester,1-1,0-0,West Brom
Fri Oct 20 2017,West Ham,0-3,0-2,Brighton
Sat Oct 21 2017,Chelsea,4-2,1-1,Watford
Sat Oct 21 2017,Huddersfield,2-1,2-0,Man United
Sat Oct 21 2017,Man City,3-0,1-0,Burnley
Sat Oct 21 2017,Newcastle,1-0,0-0,Crystal Palace
Sat Oct 21 2017,Southampton,1-0,0-0,West Brom
Sat Oct 21 2017,Stoke,1-2,0-2,Bournemouth
Sat Oct 21 2017,Swansea,1-2,0-1,Leicester
Sun Oct 22 2017,Everton,2-5,1-1,Arsenal
Sun Oct 22 2017,Tottenham,4-1,3-1,Liverpool
Sat Oct 28 2017,Arsenal,2-1,0-1,Swansea
Sat Oct 28 2017,Bournemouth,0-1,0-0,Chelsea
Sat Oct 28 2017,Crystal Palace,2-2,0-2,West Ham
Sat Oct 28 2017,Liverpool,3-0,0-0,Huddersfield
Sat Oct 28 2017,Man United,1-0,0-0,Tottenham
Sat Oct 28 2017,Watford,0-1,0-1,Stoke
Sat Oct 28 2017,West Brom,2-3,1-2,Man City
Sun Oct 29 2017,Brighton,1-1,0-1,Southampton
Sun Oct 29 2017,Leicester,2-0,2-0,Everton
Mon Oct 30 2017,Burnley,1-0,0-0,Newcastle
Sat Nov 4 2017,Huddersfield,1-0,1-0,West Brom
Sat Nov 4 2017,Newcastle,0-1,0-0,Bournemouth
Sat Nov 4 2017,Southampton,0-1,0-0,Burnley
Sat Nov 4 2017,Stoke,2-2,1-1,Leicester
Sat Nov 4 2017,Swansea,0-1,0-1,Brighton
Sat Nov 4 2017,West Ham,1-4,0-2,Liverpool
Sun Nov 5 2017,Chelsea,1-0,0-0,Man United
Sun Nov 5 2017,Everton,3-2,0-0,Watford
Sun Nov 5 2017,Man City,3-1,1-0,Arsenal
Sun Nov 5 2017,Tottenham,1-0,0-0,Crystal Palace
Sat Nov 18 2017,Arsenal,2-0,2-0,Tottenham
Sat Nov 18 2017,Bournemouth,4-0,2-0,Huddersfield
Sat Nov 18 2017,Burnley,2-0,2-0,Swansea
Sat Nov 18 2017,Crystal Palace,2-2,2-2,Everton
Sat Nov 18 2017,Leicester,0-2,0-1,Man City
Sat Nov 18 2017,Liverpool,3-0,2-0,Southampton
Sat Nov 18 2017,Man United,4-1,2-1,Newcastle
Sat Nov 18 2017,West Brom,0-4,0-3,Chelsea
Sun Nov 19 2017,Watford,2-0,1-0,West Ham
Mon Nov 20 2017,Brighton,2-2,1-2,Stoke
Fri Nov 24 2017,West Ham,1-1,1-1,Leicester
Sat Nov 25 2017,Crystal Palace,2-1,0-0,Stoke
Sat Nov 25 2017,Liverpool,1-1,0-0,Chelsea
Sat Nov 25 2017,Man United,1-0,0-0,Brighton
Sat Nov 25 2017,Newcastle,0-3,0-2,Watford
Sat Nov 25 2017,Swansea,0-0,0-0,Bournemouth
Sat Nov 25 2017,Tottenham,1-1,0-1,West Brom
Sun Nov 26 2017,Burnley,0-1,0-0,Arsenal
Sun Nov 26 2017,Huddersfield,1-2,1-0,Man City
Sun Nov 26 2017,Southampton,4-1,1-1,Everton
Tue Nov 28 2017,Brighton,0-0,0-0,Crystal Palace
Tue Nov 28 2017,Leicester,2-1,2-0,Tottenham
Tue Nov 28 2017,Watford,2-4,0-3,Man United
Tue Nov 28 2017,West Brom,2-2,1-0,Newcastle
Wed Nov 29 2017,Arsenal,5-0,1-0,Huddersfield
Wed Nov 29 2017,Bournemouth,1-2,0-1,Burnley
Wed Nov 29 2017,Chelsea,1-0,0-0,Swansea
Wed Nov 29 2017,Everton,4-0,2-0,West Ham
Wed Nov 29 2017,Man City,2-1,0-0,Southampton
Wed Nov 29 2017,Stoke,0-3,0-1,Liverpool
Sat Dec 2 2017,Arsenal,1-3,0-2,Man United
Sat Dec 2 2017,Brighton,1-5,0-2,Liverpool
Sat Dec 2 2017,Chelsea,3-1,2-1,Newcastle
Sat Dec 2 2017,Everton,2-0,0-0,Huddersfield
Sat Dec 2 2017,Leicester,1-0,1-0,Burnley
Sat Dec 2 2017,Stoke,2-1,2-1,Swansea
Sat Dec 2 2017,Watford,1-1,1-1,Tottenham
Sat Dec 2 2017,West Brom,0-0,0-0,Crystal Palace
Sun Dec 3 2017,Bournemouth,1-1,1-0,Southampton
Sun Dec 3 2017,Man City,2-1,0-1,West Ham
Sat Dec 9 2017,Burnley,1-0,1-0,Watford
Sat Dec 9 2017,Crystal Palace,2-2,2-2,Bournemouth
Sat Dec 9 2017,Huddersfield,2-0,2-0,Brighton
Sat Dec 9 2017,Newcastle,2-3,1-1,Leicester
Sat Dec 9 2017,Swansea,1-0,0-0,West Brom
Sat Dec 9 2017,Tottenham,5-1,1-0,Stoke
Sat Dec 9 2017,West Ham,1-0,1-0,Chelsea
Sun Dec 10 2017,Liverpool,1-1,1-0,Everton
Sun Dec 10 2017,Man United,1-2,1-1,Man City
Sun Dec 10 2017,Southampton,1-1,1-0,Arsenal
Tue Dec 12 2017,Burnley,1-0,0-0,Stoke
Tue Dec 12 2017,Crystal Palace,2-1,0-1,Watford
Tue Dec 12 2017,Huddersfield,1-3,0-2,Chelsea
Wed Dec 13 2017,Liverpool,0-0,0-0,West Brom
Wed Dec 13 2017,Man United,1-0,1-0,Bournemouth
Wed Dec 13 2017,Newcastle,0-1,0-1,Everton
Wed Dec 13 2017,Southampton,1-4,0-3,Leicester
Wed Dec 13 2017,Swansea,0-4,0-2,Man City
Wed Dec 13 2017,Tottenham,2-0,1-0,Brighton
Wed Dec 13 2017,West Ham,0-0,0-0,Arsenal
Sat Dec 16 2017,Arsenal,1-0,1-0,Newcastle
Sat Dec 16 2017,Brighton,0-0,0-0,Burnley
Sat Dec 16 2017,Chelsea,1-0,1-0,Southampton
Sat Dec 16 2017,Leicester,0-3,0-2,Crystal Palace
Sat Dec 16 2017,Man City,4-1,1-0,Tottenham
Sat Dec 16 2017,Stoke,0-3,0-1,West Ham
Sat Dec 16 2017,Watford,1-4,0-2,Huddersfield
Sun Dec 17 2017,Bournemouth,0-4,0-3,Liverpool
Sun Dec 17 2017,West Brom,1-2,0-2,Man United
Mon Dec 18 2017,Everton,3-1,1-1,Swansea
Fri Dec 22 2017,Arsenal,3-3,0-1,Liverpool
Sat Dec 23 2017,Brighton,1-0,0-0,Watford
Sat Dec 23 2017,Burnley,0-3,0-1,Tottenham
Sat Dec 23 2017,Everton,0-0,0-0,Chelsea
Sat Dec 23 2017,Leicester,2-2,1-1,Man United
Sat Dec 23 2017,Man City,4-0,1-0,Bournemouth
Sat Dec 23 2017,Southampton,1-1,1-0,Huddersfield
Sat Dec 23 2017,Stoke,3-1,2-0,West Brom
Sat Dec 23 2017,Swansea,1-1,0-0,Crystal Palace
Sat Dec 23 2017,West Ham,2-3,1-1,Newcastle
Tue Dec 26 2017,Bournemouth,3-3,1-1,West Ham
Tue Dec 26 2017,Chelsea,2-0,0-0,Brighton
Tue Dec 26 2017,Huddersfield,1-1,1-0,Stoke
Tue Dec 26 2017,Liverpool,5-0,1-0,Swansea
Tue Dec 26 2017,Man United,2-2,0-2,Burnley
Tue Dec 26 2017,Tottenham,5-2,2-0,Southampton
Tue Dec 26 2017,Watford,2-1,1-1,Leicester
Tue Dec 26 2017,West Brom,0-0,0-0,Everton
Wed Dec 27 2017,Newcastle,0-1,0-1,Man City
Thu Dec 28 2017,Crystal Palace,2-3,0-1,Arsenal
Sat Dec 30 2017,Bournemouth,2-1,1-0,Everton
Sat Dec 30 2017,Chelsea,5-0,3-0,Stoke
Sat Dec 30 2017,Huddersfield,0-0,0-0,Burnley
Sat Dec 30 2017,Liverpool,2-1,0-1,Leicester
Sat Dec 30 2017,Man United,0-0,0-0,Southampton
Sat Dec 30 2017,Newcastle,0-0,0-0,Brighton
Sat Dec 30 2017,Watford,1-2,1-0,Swansea
Sun Dec 31 2017,Crystal Palace,0-0,0-0,Man City
Sun Dec 31 2017,West Brom,1-1,0-0,Arsenal
Mon Jan 1 2018,Brighton,2-2,1-1,Bournemouth
Mon Jan 1 2018,Burnley,1-2,0-0,Liverpool
Mon Jan 1 2018,Everton,0-2,0-0,Man United
Mon Jan 1 2018,Leicester,3-0,0-0,Huddersfield
Mon Jan 1 2018,Stoke,0-1,0-0,Newcastle
Tue Jan 2 2018,Man City,3-1,2-0,Watford
Tue Jan 2 2018,Southampton,1-2,1-0,Crystal Palace
Tue Jan 2 2018,Swansea,0-2,0-1,Tottenham
Tue Jan 2 2018,West Ham,2-1,0-1,West Brom
Wed Jan 3 2018,Arsenal,2-2,0-0,Chelsea
Thu Jan 4 2018,Tottenham,1-1,0-0,West Ham
Sat Jan 13 2018,Chelsea,0-0,0-0,Leicester
Sat Jan 13 2018,Crystal Palace,1-0,1-0,Burnley
Sat Jan 13 2018,Huddersfield,1-4,1-1,West Ham
Sat Jan 13 2018,Newcastle,1-1,0-0,Swansea
Sat Jan 13 2018,Tottenham,4-0,1-0,Everton
Sat Jan 13 2018,Watford,2-2,0-2,Southampton
Sat Jan 13 2018,West Brom,2-0,1-0,Brighton
Sun Jan 14 2018,Bournemouth,2-1,0-0,Arsenal
Sun Jan 14 2018,Liverpool,4-3,1-1,Man City
Mon Jan 15 2018,Man United,3-0,2-0,Stoke
Sat Jan 20 2018,Arsenal,4-1,4-0,Crystal Palace
Sat Jan 20 2018,Brighton,0-4,0-2,Chelsea
Sat Jan 20 2018,Burnley,0-1,0-0,Man United
Sat Jan 20 2018,Everton,1-1,0-1,West Brom
Sat Jan 20 2018,Leicester,2-0,1-0,Watford
Sat Jan 20 2018,Man City,3-1,1-0,Newcastle
Sat Jan 20 2018,Stoke,2-0,0-0,Huddersfield
Sat Jan 20 2018,West Ham,1-1,0-0,Bournemouth
Sun Jan 21 2018,Southampton,1-1,1-1,Tottenham
Mon Jan 22 2018,Swansea,1-0,1-0,Liverpool
Tue Jan 30 2018,Huddersfield,0-3,0-2,Liverpool
Tue Jan 30 2018,Swansea,3-1,1-1,Arsenal
Tue Jan 30 2018,West Ham,1-1,1-1,Crystal Palace
Wed Jan 31 2018,Chelsea,0-3,0-0,Bournemouth
Wed Jan 31 2018,Everton,2-1,2-0,Leicester
Wed Jan 31 2018,Man City,3-0,1-0,West Brom
Wed Jan 31 2018,Newcastle,1-1,0-0,Burnley
Wed Jan 31 2018,Southampton,1-1,0-1,Brighton
Wed Jan 31 2018,Stoke,0-0,0-0,Watford
Wed Jan 31 2018,Tottenham,2-0,2-0,Man United
Sat Feb 3 2018,Arsenal,5-1,4-0,Everton
Sat Feb 3 2018,Bournemouth,2-1,0-1,Stoke
Sat Feb 3 2018,Brighton,3-1,1-1,West Ham
Sat Feb 3 2018,Burnley,1-1,0-1,Man City
Sat Feb 3 2018,Leicester,1-1,1-0,Swansea
Sat Feb 3 2018,Man United,2-0,0-0,Huddersfield
Sat Feb 3 2018,West Brom,2-3,1-2,Southampton
Sun Feb 4 2018,Crystal Palace,1-1,0-1,Newcastle
Sun Feb 4 2018,Liverpool,2-2,1-0,Tottenham
Mon Feb 5 2018,Watford,4-1,1-0,Chelsea
Sat Feb 10 2018,Everton,3-1,0-0,Crystal Palace
Sat Feb 10 2018,Man City,5-1,1-1,Leicester
Sat Feb 10 2018,Stoke,1-1,0-1,Brighton
Sat Feb 10 2018,Swansea,1-0,0-0,Burnley
Sat Feb 10 2018,Tottenham,1-0,0-0,Arsenal
Sat Feb 10 2018,West Ham,2-0,1-0,Watford
Sun Feb 11 2018,Huddersfield,4-1,2-1,Bournemouth
Sun Feb 11 2018,Newcastle,1-0,0-0,Man United
Sun Feb 11 2018,Southampton,0-2,0-2,Liverpool
Mon Feb 12 2018,Chelsea,3-0,1-0,West Brom
Sat Feb 24 2018,Bournemouth,2-2,0-2,Newcastle
Sat Feb 24 2018,Brighton,4-1,1-0,Swansea
Sat Feb 24 2018,Burnley,1-1,0-0,Southampton
Sat Feb 24 2018,Leicester,1-1,0-1,Stoke
Sat Feb 24 2018,Liverpool,4-1,1-0,West Ham
Sat Feb 24 2018,Watford,1-0,0-0,Everton
Sat Feb 24 2018,West Brom,1-2,0-0,Huddersfield
Sun Feb 25 2018,Crystal Palace,0-1,0-0,Tottenham
Sun Feb 25 2018,Man United,2-1,1-1,Chelsea
Thu Mar 1 2018,Arsenal,0-3,0-3,Man City
Sat Mar 3 2018,Burnley,2-1,0-1,Everton
Sat Mar 3 2018,Leicester,1-1,0-1,Bournemouth
Sat Mar 3 2018,Liverpool,2-0,1-0,Newcastle
Sat Mar 3 2018,Southampton,0-0,0-0,Stoke
Sat Mar 3 2018,Swansea,4-1,2-0,West Ham
Sat Mar 3 2018,Tottenham,2-0,1-0,Huddersfield
Sat Mar 3 2018,Watford,1-0,0-0,West Brom
Sun Mar 4 2018,Brighton,2-1,2-1,Arsenal
Sun Mar 4 2018,Man City,1-0,0-0,Chelsea
Mon Mar 5 2018,Crystal Palace,2-3,1-0,Man United
Sat Mar 10 2018,Chelsea,2-1,2-0,Crystal Palace
Sat Mar 10 2018,Everton,2-0,0-0,Brighton
Sat Mar 10 2018,Huddersfield,0-0,0-0,Swansea
Sat Mar 10 2018,Man United,2-1,2-0,Liverpool
Sat Mar 10 2018,Newcastle,3-0,2-0,Southampton
Sat Mar 10 2018,West Brom,1-4,1-1,Leicester
Sat Mar 10 2018,West Ham,0-3,0-0,Burnley
Sun Mar 11 2018,Arsenal,3-0,1-0,Watford
Sun Mar 11 2018,Bournemouth,1-4,1-1,Tottenham
Mon Mar 12 2018,Stoke,0-2,0-1,Man City
Sat Mar 17 2018,Bournemouth,2-1,0-0,West Brom
Sat Mar 17 2018,Huddersfield,0-2,0-1,Crystal Palace
Sat Mar 17 2018,Liverpool,5-0,2-0,Watford
Sat Mar 17 2018,Stoke,1-2,0-0,Everton
Sat Mar 31 2018,Brighton,0-2,0-0,Leicester
Sat Mar 31 2018,Crystal Palace,1-2,1-0,Liverpool
Sat Mar 31 2018,Everton,1-3,0-3,Man City
Sat Mar 31 2018,Man United,2-0,2-0,Swansea
Sat Mar 31 2018,Newcastle,1-0,0-0,Huddersfield
Sat Mar 31 2018,Watford,2-2,1-1,Bournemouth
Sat Mar 31 2018,West Brom,1-2,0-1,Burnley
Sat Mar 31 2018,West Ham,3-0,3-0,Southampton
Sun Apr 1 2018,Arsenal,3-0,0-0,Stoke
Sun Apr 1 2018,Chelsea,1-3,1-1,Tottenham
Sat Apr 7 2018,Bournemouth,2-2,0-0,Crystal Palace
Sat Apr 7 2018,Brighton,1-1,1-1,Huddersfield
Sat Apr 7 2018,Everton,0-0,0-0,Liverpool
Sat Apr 7 2018,Leicester,1-2,0-1,Newcastle
Sat Apr 7 2018,Man City,2-3,2-0,Man United
Sat Apr 7 2018,Stoke,1-2,0-0,Tottenham
Sat Apr 7 2018,Watford,1-2,0-0,Burnley
Sat Apr 7 2018,West Brom,1-1,0-0,Swansea
Sun Apr 8 2018,Arsenal,3-2,2-1,Southampton
Sun Apr 8 2018,Chelsea,1-1,1-0,West Ham
Sat Apr 14 2018,Burnley,2-1,2-0,Leicester
Sat Apr 14 2018,Crystal Palace,3-2,3-2,Brighton
Sat Apr 14 2018,Huddersfield,1-0,0-0,Watford
Sat Apr 14 2018,Liverpool,3-0,1-0,Bournemouth
Sat Apr 14 2018,Southampton,2-3,1-0,Chelsea
Sat Apr 14 2018,Swansea,1-1,0-1,Everton
Sat Apr 14 2018,Tottenham,1-3,1-2,Man City
Sun Apr 15 2018,Man United,0-1,0-0,West Brom
Sun Apr 15 2018,Newcastle,2-1,1-1,Arsenal
Mon Apr 16 2018,West Ham,1-1,0-0,Stoke
Tue Apr 17 2018,Brighton,1-1,0-0,Tottenham
Wed Apr 18 2018,Bournemouth,0-2,0-1,Man United
Thu Apr 19 2018,Burnley,1-2,0-1,Chelsea
Thu Apr 19 2018,Leicester,0-0,0-0,Southampton
Sat Apr 21 2018,Watford,0-0,0-0,Crystal Palace
Sat Apr 21 2018,West Brom,2-2,0-1,Liverpool
Sun Apr 22 2018,Arsenal,4-1,0-0,West Ham
Sun Apr 22 2018,Man City,5-0,2-0,Swansea
Sun Apr 22 2018,Stoke,1-1,1-0,Burnley
Mon Apr 23 2018,Everton,1-0,0-0,Newcastle
Sat Apr 28 2018,Burnley,0-0,0-0,Brighton
Sat Apr 28 2018,Crystal Palace,5-0,2-0,Leicester
Sat Apr 28 2018,Huddersfield,0-2,0-1,Everton
Sat Apr 28 2018,Liverpool,0-0,0-0,Stoke
Sat Apr 28 2018,Newcastle,0-1,0-1,West Brom
Sat Apr 28 2018,Southampton,2-1,1-1,Bournemouth
Sat Apr 28 2018,Swansea,0-1,0-1,Chelsea
Sun Apr 29 2018,Man United,2-1,1-0,Arsenal
Sun Apr 29 2018,West Ham,1-4,1-2,Man City
Mon Apr 30 2018,Tottenham,2-0,1-0,Watford
Fri May 4 2018,Brighton,1-0,0-0,Man United
Sat May 5 2018,Bournemouth,1-0,1-0,Swansea
Sat May 5 2018,Everton,1-1,0-0,Southampton
Sat May 5 2018,Leicester,0-2,0-1,West Ham
Sat May 5 2018,Stoke,1-2,1-0,Crystal Palace
Sat May 5 2018,Watford,2-1,2-0,Newcastle
Sat May 5 2018,West Brom,1-0,0-0,Tottenham
Sun May 6 2018,Arsenal,5-0,2-0,Burnley
Sun May 6 2018,Chelsea,1-0,1-0,Liverpool
Sun May 6 2018,Man City,0-0,0-0,Huddersfield
Tue May 8 2018,Swansea,0-1,0-0,Southampton
Wed May 9 2018,Chelsea,1-1,0-0,Huddersfield
Wed May 9 2018,Leicester,3-1,1-0,Arsenal
Wed May 9 2018,Man City,3-1,2-1,Brighton
Wed May 9 2018,Tottenham,1-0,0-0,Newcastle
Thu May 10 2018,West Ham,0-0,0-0,Man United
Sun May 13 2018,Burnley,1-2,1-0,Bournemouth
Sun May 13 2018,Crystal Palace,2-0,0-0,West Brom
Sun May 13 2018,Huddersfield,0-1,0-1,Arsenal
Sun May 13 2018,Liverpool,4-0,2-0,Brighton
Sun May 13 2018,Man United,1-0,1-0,Watford
Sun May 13 2018,Newcastle,3-0,1-0,Chelsea
Sun May 13 2018,Southampton,0-1,0-0,Man City
Sun May 13 2018,Swansea,1-2,1-2,Stoke
Sun May 13 2018,Tottenham,5-4,1-2,Leicester
Sun May 13 2018,West Ham,3-1,1-0,Everton
Fri Aug 10 2018,Man United,2-1,1-0,Leicester
Sat Aug 11 2018,Bournemouth,2-0,1-0,Cardiff
Sat Aug 11 2018,Fulham,0-2,0-1,Crystal Palace
Sat Aug 11 2018,Huddersfield,0-3,0-2,Chelsea
Sat Aug 11 2018,Newcastle,1-2,1-2,Tottenham
Sat Aug 11 2018,Watford,2-0,1-0,Brighton
Sat Aug 11 2018,Wolves,2-2,1-1,Everton
Sun Aug 12 2018,Arsenal,0-2,0-1,Man City
Sun Aug 12 2018,Liverpool,4-0,2-0,West Ham
Sun Aug 12 2018,Southampton,0-0,0-0,Burnley
Sat Aug 18 2018,Cardiff,0-0,0-0,Newcastle
Sat Aug 18 2018,Chelsea,3-2,2-2,Arsenal
Sat Aug 18 2018,Everton,2-1,2-0,Southampton
Sat Aug 18 2018,Leicester,2-0,2-0,Wolves
Sat Aug 18 2018,Tottenham,3-1,1-0,Fulham
Sat Aug 18 2018,West Ham,1-2,1-0,Bournemouth
Sun Aug 19 2018,Brighton,3-2,3-1,Man United
Sun Aug 19 2018,Burnley,1-3,1-1,Watford
Sun Aug 19 2018,Man City,6-1,3-1,Huddersfield
Mon Aug 20 2018,Crystal Palace,0-2,0-1,Liverpool
Sat Aug 25 2018,Arsenal,3-1,1-1,West Ham
Sat Aug 25 2018,Bournemouth,2-2,0-0,Everton
Sat Aug 25 2018,Huddersfield,0-0,0-0,Cardiff
Sat Aug 25 2018,Liverpool,1-0,1-0,Brighton
Sat Aug 25 2018,Southampton,1-2,0-0,Leicester
Sat Aug 25 2018,Wolves,1-1,0-0,Man City
Sun Aug 26 2018,Fulham,4-2,3-2,Burnley
Sun Aug 26 2018,Newcastle,1-2,0-0,Chelsea
Sun Aug 26 2018,Watford,2-1,0-0,Crystal Palace
Mon Aug 27 2018,Man United,0-3,0-0,Tottenham
Sat Sep 1 2018,Brighton,2-2,0-1,Fulham
Sat Sep 1 2018,Chelsea,2-0,0-0,Bournemouth
Sat Sep 1 2018,Crystal Palace,0-2,0-0,Southampton
Sat Sep 1 2018,Everton,1-1,1-1,Huddersfield
Sat Sep 1 2018,Leicester,1-2,0-2,Liverpool
Sat Sep 1 2018,Man City,2-1,1-1,Newcastle
Sat Sep 1 2018,West Ham,0-1,0-0,Wolves
Sun Sep 2 2018,Burnley,0-2,0-2,Man United
Sun Sep 2 2018,Cardiff,2-3,1-1,Arsenal
Sun Sep 2 2018,Watford,2-1,0-0,Tottenham
Sat Sep 15 2018,Bournemouth,4-2,3-0,Leicester
Sat Sep 15 2018,Chelsea,4-1,2-1,Cardiff
Sat Sep 15 2018,Huddersfield,0-1,0-1,Crystal Palace
Sat Sep 15 2018,Man City,3-0,2-0,Fulham
Sat Sep 15 2018,Newcastle,1-2,0-0,Arsenal
Sat Sep 15 2018,Tottenham,1-2,0-1,Liverpool
Sat Sep 15 2018,Watford,1-2,0-2,Man United
Sun Sep 16 2018,Everton,1-3,1-2,West Ham
Sun Sep 16 2018,Wolves,1-0,0-0,Burnley
Mon Sep 17 2018,Southampton,2-2,1-0,Brighton
Sat Sep 22 2018,Brighton,1-2,0-1,Tottenham
Sat Sep 22 2018,Burnley,4-0,2-0,Bournemouth
Sat Sep 22 2018,Cardiff,0-5,0-3,Man City
Sat Sep 22 2018,Crystal Palace,0-0,0-0,Newcastle
Sat Sep 22 2018,Fulham,1-1,0-1,Watford
Sat Sep 22 2018,Leicester,3-1,1-1,Huddersfield
Sat Sep 22 2018,Liverpool,3-0,3-0,Southampton
Sat Sep 22 2018,Man United,1-1,1-0,Wolves
Sun Sep 23 2018,Arsenal,2-0,0-0,Everton
Sun Sep 23 2018,West Ham,0-0,0-0,Chelsea
Sat Sep 29 2018,Arsenal,2-0,0-0,Watford
Sat Sep 29 2018,Chelsea,1-1,1-0,Liverpool
Sat Sep 29 2018,Everton,3-0,0-0,Fulham
Sat Sep 29 2018,Huddersfield,0-2,0-2,Tottenham
Sat Sep 29 2018,Man City,2-0,1-0,Brighton
Sat Sep 29 2018,Newcastle,0-2,0-1,Leicester
Sat Sep 29 2018,West Ham,3-1,2-0,Man United
Sat Sep 29 2018,Wolves,2-0,0-0,Southampton
Sun Sep 30 2018,Cardiff,1-2,0-0,Burnley
Mon Oct 1 2018,Bournemouth,2-1,1-0,Crystal Palace
Fri Oct 5 2018,Brighton,1-0,1-0,West Ham
Sat Oct 6 2018,Burnley,1-1,1-0,Huddersfield
Sat Oct 6 2018,Crystal Palace,0-1,0-0,Wolves
Sat Oct 6 2018,Leicester,1-2,1-1,Everton
Sat Oct 6 2018,Man United,3-2,0-2,Newcastle
Sat Oct 6 2018,Tottenham,1-0,1-0,Cardiff
Sat Oct 6 2018,Watford,0-4,0-3,Bournemouth
Sun Oct 7 2018,Fulham,1-5,1-1,Arsenal
Sun Oct 7 2018,Liverpool,0-0,0-0,Man City
Sun Oct 7 2018,Southampton,0-3,0-1,Chelsea
Sat Oct 20 2018,Bournemouth,0-0,0-0,Southampton
Sat Oct 20 2018,Cardiff,4-2,2-2,Fulham
Sat Oct 20 2018,Chelsea,2-2,1-0,Man United
Sat Oct 20 2018,Huddersfield,0-1,0-1,Liverpool
Sat Oct 20 2018,Man City,5-0,1-0,Burnley
Sat Oct 20 2018,Newcastle,0-1,0-1,Brighton
Sat Oct 20 2018,West Ham,0-1,0-1,Tottenham
Sat Oct 20 2018,Wolves,0-2,0-2,Watford
Sun Oct 21 2018,Everton,2-0,0-0,Crystal Palace
Mon Oct 22 2018,Arsenal,3-1,1-1,Leicester
Sat Oct 27 2018,Brighton,1-0,0-0,Wolves
Sat Oct 27 2018,Fulham,0-3,0-1,Bournemouth
Sat Oct 27 2018,Leicester,1-1,0-1,West Ham
Sat Oct 27 2018,Liverpool,4-1,1-0,Cardiff
Sat Oct 27 2018,Southampton,0-0,0-0,Newcastle
Sat Oct 27 2018,Watford,3-0,2-0,Huddersfield
Sun Oct 28 2018,Burnley,0-4,0-1,Chelsea
Sun Oct 28 2018,Crystal Palace,2-2,1-0,Arsenal
Sun Oct 28 2018,Man United,2-1,1-0,Everton
Mon Oct 29 2018,Tottenham,0-1,0-1,Man City
Sat Nov 3 2018,Arsenal,1-1,0-0,Liverpool
Sat Nov 3 2018,Bournemouth,1-2,1-1,Man United
Sat Nov 3 2018,Cardiff,0-1,0-0,Leicester
Sat Nov 3 2018,Everton,3-1,1-1,Brighton
Sat Nov 3 2018,Newcastle,1-0,0-0,Watford
Sat Nov 3 2018,West Ham,4-2,1-1,Burnley
Sat Nov 3 2018,Wolves,2-3,0-2,Tottenham
Sun Nov 4 2018,Chelsea,3-1,1-0,Crystal Palace
Sun Nov 4 2018,Man City,6-1,4-1,Southampton
Mon Nov 5 2018,Huddersfield,1-0,1-0,Fulham
Sat Nov 10 2018,Cardiff,2-1,1-1,Brighton
Sat Nov 10 2018,Crystal Palace,0-1,0-0,Tottenham
Sat Nov 10 2018,Huddersfield,1-1,1-0,West Ham
Sat Nov 10 2018,Leicester,0-0,0-0,Burnley
Sat Nov 10 2018,Newcastle,2-1,2-1,Bournemouth
Sat Nov 10 2018,Southampton,1-1,1-0,Watford
Sun Nov 11 2018,Arsenal,1-1,0-1,Wolves
Sun Nov 11 2018,Chelsea,0-0,0-0,Everton
Sun Nov 11 2018,Liverpool,2-0,1-0,Fulham
Sun Nov 11 2018,Man City,3-1,1-0,Man United
Sat Nov 24 2018,Brighton,1-1,1-0,Leicester
Sat Nov 24 2018,Everton,1-0,0-0,Cardiff
Sat Nov 24 2018,Fulham,3-2,2-1,Southampton
Sat Nov 24 2018,Man United,0-0,0-0,Crystal Palace
Sat Nov 24 2018,Tottenham,3-1,2-0,Chelsea
Sat Nov 24 2018,Watford,0-3,0-0,Liverpool
Sat Nov 24 2018,West Ham,0-4,0-3,Man City
Sun Nov 25 2018,Bournemouth,1-2,1-1,Arsenal
Sun Nov 25 2018,Wolves,0-2,0-1,Huddersfield
Mon Nov 26 2018,Burnley,1-2,1-2,Newcastle
Fri Nov 30 2018,Cardiff,2-1,0-1,Wolves
Sat Dec 1 2018,Crystal Palace,2-0,1-0,Burnley
Sat Dec 1 2018,Huddersfield,1-2,1-1,Brighton
Sat Dec 1 2018,Leicester,2-0,2-0,Watford
Sat Dec 1 2018,Man City,3-1,1-1,Bournemouth
Sat Dec 1 2018,Newcastle,0-3,0-1,West Ham
Sat Dec 1 2018,Southampton,2-2,2-2,Man United
Sun Dec 2 2018,Arsenal,4-2,1-2,Tottenham
Sun Dec 2 2018,Chelsea,2-0,1-0,Fulham
Sun Dec 2 2018,Liverpool,1-0,0-0,Everton
Tue Dec 4 2018,Bournemouth,2-1,2-1,Huddersfield
Tue Dec 4 2018,Brighton,3-1,3-0,Crystal Palace
Tue Dec 4 2018,Watford,1-2,0-1,Man City
Tue Dec 4 2018,West Ham,3-1,0-0,Cardiff
Wed Dec 5 2018,Burnley,1-3,0-0,Liverpool
Wed Dec 5 2018,Everton,1-1,1-1,Newcastle
Wed Dec 5 2018,Fulham,1-1,1-0,Leicester
Wed Dec 5 2018,Man United,2-2,1-1,Arsenal
Wed Dec 5 2018,Tottenham,3-1,1-0,Southampton
Wed Dec 5 2018,Wolves,2-1,0-1,Chelsea
Sat Dec 8 2018,Arsenal,1-0,0-0,Huddersfield
Sat Dec 8 2018,Bournemouth,0-4,0-1,Liverpool
Sat Dec 8 2018,Burnley,1-0,1-0,Brighton
Sat Dec 8 2018,Cardiff,1-0,0-0,Southampton
Sat Dec 8 2018,Chelsea,2-0,1-0,Man City
Sat Dec 8 2018,Leicester,0-2,0-1,Tottenham
Sat Dec 8 2018,Man United,4-1,3-0,Fulham
Sat Dec 8 2018,West Ham,3-2,0-1,Crystal Palace
Sun Dec 9 2018,Newcastle,1-2,1-1,Wolves
Mon Dec 10 2018,Everton,2-2,1-0,Watford
Sat Dec 15 2018,Crystal Palace,1-0,1-0,Leicester
Sat Dec 15 2018,Fulham,0-2,0-2,West Ham
Sat Dec 15 2018,Huddersfield,0-1,0-0,Newcastle
Sat Dec 15 2018,Man City,3-1,1-0,Everton
Sat Dec 15 2018,Tottenham,1-0,0-0,Burnley
Sat Dec 15 2018,Watford,3-2,1-0,Cardiff
Sat Dec 15 2018,Wolves,2-0,1-0,Bournemouth
Sun Dec 16 2018,Brighton,1-2,0-2,Chelsea
Sun Dec 16 2018,Liverpool,3-1,1-1,Man United
Sun Dec 16 2018,Southampton,3-2,2-1,Arsenal
Fri Dec 21 2018,Wolves,0-2,0-1,Liverpool
Sat Dec 22 2018,Arsenal,3-1,1-0,Burnley
Sat Dec 22 2018,Bournemouth,2-0,1-0,Brighton
Sat Dec 22 2018,Cardiff,1-5,1-3,Man United
Sat Dec 22 2018,Chelsea,0-1,0-0,Leicester
Sat Dec 22 2018,Huddersfield,1-3,0-2,Southampton
Sat Dec 22 2018,Man City,2-3,1-2,Crystal Palace
Sat Dec 22 2018,Newcastle,0-0,0-0,Fulham
Sat Dec 22 2018,West Ham,0-2,0-1,Watford
Sun Dec 23 2018,Everton,2-6,1-3,Tottenham
Wed Dec 26 2018,Brighton,1-1,1-1,Arsenal
Wed Dec 26 2018,Burnley,1-5,1-3,Everton
Wed Dec 26 2018,Crystal Palace,0-0,0-0,Cardiff
Wed Dec 26 2018,Fulham,1-1,0-0,Wolves
Wed Dec 26 2018,Leicester,2-1,1-1,Man City
Wed Dec 26 2018,Liverpool,4-0,1-0,Newcastle
Wed Dec 26 2018,Man United,3-1,1-0,Huddersfield
Wed Dec 26 2018,Tottenham,5-0,3-0,Bournemouth
Wed Dec 26 2018,Watford,1-2,1-1,Chelsea
Thu Dec 27 2018,Southampton,1-2,0-0,West Ham
Sat Dec 29 2018,Brighton,1-0,0-0,Everton
Sat Dec 29 2018,Fulham,1-0,0-0,Huddersfield
Sat Dec 29 2018,Leicester,0-1,0-0,Cardiff
Sat Dec 29 2018,Liverpool,5-1,4-1,Arsenal
Sat Dec 29 2018,Tottenham,1-3,1-0,Wolves
Sat Dec 29 2018,Watford,1-1,0-1,Newcastle
Sun Dec 30 2018,Burnley,2-0,2-0,West Ham
Sun Dec 30 2018,Crystal Palace,0-1,0-0,Chelsea
Sun Dec 30 2018,Man United,4-1,3-1,Bournemouth
Sun Dec 30 2018,Southampton,1-3,1-3,Man City
Tue Jan 1 2019,Arsenal,4-1,1-0,Fulham
Tue Jan 1 2019,Cardiff,0-3,0-3,Tottenham
Tue Jan 1 2019,Everton,0-1,0-0,Leicester
Wed Jan 2 2019,Bournemouth,3-3,3-3,Watford
Wed Jan 2 2019,Chelsea,0-0,0-0,Southampton
Wed Jan 2 2019,Huddersfield,1-2,1-1,Burnley
Wed Jan 2 2019,Newcastle,0-2,0-0,Man United
Wed Jan 2 2019,West Ham,2-2,0-0,Brighton
Wed Jan 2 2019,Wolves,0-2,0-0,Crystal Palace
Thu Jan 3 2019,Man City,2-1,1-0,Liverpool
Sat Jan 12 2019,Brighton,0-1,0-0,Liverpool
Sat Jan 12 2019,Burnley,2-1,2-1,Fulham
Sat Jan 12 2019,Cardiff,0-0,0-0,Huddersfield
Sat Jan 12 2019,Chelsea,2-1,1-1,Newcastle
Sat Jan 12 2019,Crystal Palace,1-2,1-0,Watford
Sat Jan 12 2019,Leicester,1-2,0-2,Southampton
Sat Jan 12 2019,West Ham,1-0,0-0,Arsenal
Sun Jan 13 2019,Everton,2-0,0-0,Bournemouth
Sun Jan 13 2019,Tottenham,0-1,0-1,Man United
Mon Jan 14 2019,Man City,3-0,2-0,Wolves
Sat Jan 19 2019,Arsenal,2-0,2-0,Chelsea
Sat Jan 19 2019,Bournemouth,2-0,0-0,West Ham
Sat Jan 19 2019,Liverpool,4-3,0-1,Crystal Palace
Sat Jan 19 2019,Man United,2-1,2-0,Brighton
Sat Jan 19 2019,Newcastle,3-0,1-0,Cardiff
Sat Jan 19 2019,Southampton,2-1,0-0,Everton
Sat Jan 19 2019,Watford,0-0,0-0,Burnley
Sat Jan 19 2019,Wolves,4-3,2-0,Leicester
Sun Jan 20 2019,Fulham,1-2,1-0,Tottenham
Sun Jan 20 2019,Huddersfield,0-3,0-1,Man City
Tue Jan 29 2019,Arsenal,2-1,0-0,Cardiff
Tue Jan 29 2019,Fulham,4-2,0-2,Brighton
Tue Jan 29 2019,Huddersfield,0-1,0-1,Everton
Tue Jan 29 2019,Man United,2-2,0-0,Burnley
Tue Jan 29 2019,Newcastle,2-1,0-1,Man City
Tue Jan 29 2019,Wolves,3-0,0-0,West Ham
Wed Jan 30 2019,Bournemouth,4-0,0-0,Chelsea
Wed Jan 30 2019,Liverpool,1-1,1-1,Leicester
Wed Jan 30 2019,Southampton,1-1,0-1,Crystal Palace
Wed Jan 30 2019,Tottenham,2-1,0-1,Watford
Sat Feb 2 2019,Brighton,0-0,0-0,Watford
Sat Feb 2 2019,Burnley,1-1,0-0,Southampton
Sat Feb 2 2019,Cardiff,2-0,1-0,Bournemouth
Sat Feb 2 2019,Chelsea,5-0,2-0,Huddersfield
Sat Feb 2 2019,Crystal Palace,2-0,1-0,Fulham
Sat Feb 2 2019,Everton,1-3,1-2,Wolves
Sat Feb 2 2019,Tottenham,1-0,0-0,Newcastle
Sun Feb 3 2019,Leicester,0-1,0-1,Man United
Sun Feb 3 2019,Man City,3-1,2-1,Arsenal
Mon Feb 4 2019,West Ham,1-1,1-1,Liverpool
Wed Feb 6 2019,Everton,0-2,0-1,Man City
Sat Feb 9 2019,Brighton,1-3,0-1,Burnley
Sat Feb 9 2019,Crystal Palace,1-1,0-1,West Ham
Sat Feb 9 2019,Fulham,0-3,0-2,Man United
Sat Feb 9 2019,Huddersfield,1-2,0-2,Arsenal
Sat Feb 9 2019,Liverpool,3-0,2-0,Bournemouth
Sat Feb 9 2019,Southampton,1-2,0-0,Cardiff
Sat Feb 9 2019,Watford,1-0,0-0,Everton
Sun Feb 10 2019,Man City,6-0,4-0,Chelsea
Sun Feb 10 2019,Tottenham,3-1,1-0,Leicester
Mon Feb 11 2019,Wolves,1-1,0-0,Newcastle
Fri Feb 22 2019,Cardiff,1-5,0-1,Watford
Fri Feb 22 2019,West Ham,3-1,2-1,Fulham
Sat Feb 23 2019,Bournemouth,1-1,1-0,Wolves
Sat Feb 23 2019,Burnley,2-1,0-0,Tottenham
Sat Feb 23 2019,Leicester,1-4,0-1,Crystal Palace
Sat Feb 23 2019,Newcastle,2-0,0-0,Huddersfield
Sun Feb 24 2019,Arsenal,2-0,2-0,Southampton
Sun Feb 24 2019,Man United,0-0,0-0,Liverpool
Tue Feb 26 2019,Cardiff,0-3,0-1,Everton
Tue Feb 26 2019,Huddersfield,1-0,0-0,Wolves
Tue Feb 26 2019,Leicester,2-1,1-0,Brighton
Tue Feb 26 2019,Newcastle,2-0,2-0,Burnley
Wed Feb 27 2019,Arsenal,5-1,2-1,Bournemouth
Wed Feb 27 2019,Chelsea,2-0,0-0,Tottenham
Wed Feb 27 2019,Crystal Palace,1-3,0-1,Man United
Wed Feb 27 2019,Liverpool,5-0,2-0,Watford
Wed Feb 27 2019,Man City,1-0,0-0,West Ham
Wed Feb 27 2019,Southampton,2-0,2-0,Fulham
Sat Mar 2 2019,Bournemouth,0-1,0-0,Man City
Sat Mar 2 2019,Brighton,1-0,0-0,Huddersfield
Sat Mar 2 2019,Burnley,1-3,0-1,Crystal Palace
Sat Mar 2 2019,Man United,3-2,0-1,Southampton
Sat Mar 2 2019,Tottenham,1-1,0-1,Arsenal
Sat Mar 2 2019,West Ham,2-0,2-0,Newcastle
Sat Mar 2 2019,Wolves,2-0,2-0,Cardiff
Sun Mar 3 2019,Everton,0-0,0-0,Liverpool
Sun Mar 3 2019,Fulham,1-2,1-2,Chelsea
Sun Mar 3 2019,Watford,2-1,1-0,Leicester
Sat Mar 9 2019,Cardiff,2-0,1-0,West Ham
Sat Mar 9 2019,Crystal Palace,1-2,0-1,Brighton
Sat Mar 9 2019,Huddersfield,0-2,0-1,Bournemouth
Sat Mar 9 2019,Leicester,3-1,1-0,Fulham
Sat Mar 9 2019,Man City,3-1,0-0,Watford
Sat Mar 9 2019,Newcastle,3-2,0-2,Everton
Sat Mar 9 2019,Southampton,2-1,0-1,Tottenham
Sun Mar 10 2019,Arsenal,2-0,1-0,Man United
Sun Mar 10 2019,Chelsea,1-1,0-0,Wolves
Sun Mar 10 2019,Liverpool,4-2,2-1,Burnley
Sat Mar 16 2019,Bournemouth,2-2,0-1,Newcastle
Sat Mar 16 2019,Burnley,1-2,1-1,Leicester
Sat Mar 16 2019,West Ham,4-3,1-2,Huddersfield
Sun Mar 17 2019,Everton,2-0,0-0,Chelsea
Sun Mar 17 2019,Fulham,1-2,0-1,Liverpool
Sat Mar 30 2019,Brighton,0-1,0-0,Southampton
Sat Mar 30 2019,Burnley,2-0,1-0,Wolves
Sat Mar 30 2019,Crystal Palace,2-0,0-0,Huddersfield
Sat Mar 30 2019,Fulham,0-2,0-2,Man City
Sat Mar 30 2019,Leicester,2-0,1-0,Bournemouth
Sat Mar 30 2019,Man United,2-1,1-0,Watford
Sat Mar 30 2019,West Ham,0-2,0-2,Everton
Sun Mar 31 2019,Cardiff,1-2,0-0,Chelsea
Sun Mar 31 2019,Liverpool,2-1,1-0,Tottenham
Mon Apr 1 2019,Arsenal,2-0,1-0,Newcastle
Tue Apr 2 2019,Watford,4-1,1-1,Fulham
Tue Apr 2 2019,Wolves,2-1,1-1,Man United
Wed Apr 3 2019,Chelsea,3-0,1-0,Brighton
Wed Apr 3 2019,Man City,2-0,2-0,Cardiff
Wed Apr 3 2019,Tottenham,2-0,0-0,Crystal Palace
Fri Apr 5 2019,Southampton,1-3,1-1,Liverpool
Sat Apr 6 2019,Bournemouth,1-3,1-2,Burnley
Sat Apr 6 2019,Huddersfield,1-4,0-1,Leicester
Sat Apr 6 2019,Newcastle,0-1,0-0,Crystal Palace
Sun Apr 7 2019,Everton,1-0,1-0,Arsenal
Mon Apr 8 2019,Chelsea,2-0,1-0,West Ham
Fri Apr 12 2019,Leicester,0-1,0-1,Newcastle
Sat Apr 13 2019,Brighton,0-5,0-1,Bournemouth
Sat Apr 13 2019,Burnley,2-0,1-0,Cardiff
Sat Apr 13 2019,Fulham,2-0,0-0,Everton
Sat Apr 13 2019,Man United,2-1,1-0,West Ham
Sat Apr 13 2019,Southampton,3-1,2-1,Wolves
Sat Apr 13 2019,Tottenham,4-0,2-0,Huddersfield
Sun Apr 14 2019,Crystal Palace,1-3,0-1,Man City
Sun Apr 14 2019,Liverpool,2-0,0-0,Chelsea
Mon Apr 15 2019,Watford,0-1,0-1,Arsenal
Tue Apr 16 2019,Brighton,0-2,0-1,Cardiff
Sat Apr 20 2019,Bournemouth,0-1,0-0,Fulham
Sat Apr 20 2019,Huddersfield,1-2,0-1,Watford
Sat Apr 20 2019,Man City,1-0,1-0,Tottenham
Sat Apr 20 2019,Newcastle,3-1,2-0,Southampton
Sat Apr 20 2019,West Ham,2-2,1-0,Leicester
Sat Apr 20 2019,Wolves,0-0,0-0,Brighton
Sun Apr 21 2019,Arsenal,2-3,0-1,Crystal Palace
Sun Apr 21 2019,Cardiff,0-2,0-0,Liverpool
Sun Apr 21 2019,Everton,4-0,2-0,Man United
Mon Apr 22 2019,Chelsea,2-2,2-2,Burnley
Tue Apr 23 2019,Tottenham,1-0,0-0,Brighton
Tue Apr 23 2019,Watford,1-1,0-1,Southampton
Wed Apr 24 2019,Man United,0-2,0-0,Man City
Wed Apr 24 2019,Wolves,3-1,3-0,Arsenal
Fri Apr 26 2019,Liverpool,5-0,3-0,Huddersfield
Sat Apr 27 2019,Brighton,1-1,0-1,Newcastle
Sat Apr 27 2019,Crystal Palace,0-0,0-0,Everton
Sat Apr 27 2019,Fulham,1-0,0-0,Cardiff
Sat Apr 27 2019,Southampton,3-3,1-2,Bournemouth
Sat Apr 27 2019,Tottenham,0-1,0-0,West Ham
Sat Apr 27 2019,Watford,1-2,0-1,Wolves
Sun Apr 28 2019,Burnley,0-1,0-0,Man City
Sun Apr 28 2019,Leicester,3-0,0-0,Arsenal
Sun Apr 28 2019,Man United,1-1,1-1,Chelsea
Fri May 3 2019,Everton,2-0,2-0,Burnley
Sat May 4 2019,Bournemouth,1-0,0-0,Tottenham
Sat May 4 2019,Cardiff,2-3,1-2,Crystal Palace
Sat May 4 2019,Newcastle,2-3,1-2,Liverpool
Sat May 4 2019,West Ham,3-0,1-0,Southampton
Sat May 4 2019,Wolves,1-0,0-0,Fulham
Sun May 5 2019,Arsenal,1-1,1-0,Brighton
Sun May 5 2019,Chelsea,3-0,0-0,Watford
Sun May 5 2019,Huddersfield,1-1,0-1,Man United
Mon May 6 2019,Man City,1-0,0-0,Leicester
Sun May 12 2019,Brighton,1-4,1-2,Man City
Sun May 12 2019,Burnley,1-3,0-0,Arsenal
Sun May 12 2019,Crystal Palace,5-3,3-1,Bournemouth
Sun May 12 2019,Fulham,0-4,0-2,Newcastle
Sun May 12 2019,Leicester,0-0,0-0,Chelsea
Sun May 12 2019,Liverpool,2-0,1-0,Wolves
Sun May 12 2019,Man United,0-2,0-1,Cardiff
Sun May 12 2019,Southampton,1-1,1-0,Huddersfield
Sun May 12 2019,Tottenham,2-2,1-0,Everton
Sun May 12 2019,Watford,1-4,0-2,West Ham
Fri Aug 9 2019,Liverpool,4-1,4-0,Norwich
Sat Aug 10 2019,West Ham,0-5,0-1,Man City
Sat Aug 10 2019,Bournemouth,1-1,0-0,Sheffield United
Sat Aug 10 2019,Burnley,3-0,0-0,Southampton
Sat Aug 10 2019,Crystal Palace,0-0,0-0,Everton
Sat Aug 10 2019,Watford,0-3,0-1,Brighton
Sat Aug 10 2019,Tottenham,3-1,0-1,Aston Villa
Sun Aug 11 2019,Leicester,0-0,0-0,Wolves
Sun Aug 11 2019,Newcastle,0-1,0-0,Arsenal
Sun Aug 11 2019,Man United,4-0,1-0,Chelsea
Sat Aug 17 2019,Arsenal,2-1,1-1,Burnley
Sat Aug 17 2019,Aston Villa,1-2,0-2,Bournemouth
Sat Aug 17 2019,Brighton,1-1,0-0,West Ham
Sat Aug 17 2019,Everton,1-0,1-0,Watford
Sat Aug 17 2019,Norwich,3-1,1-0,Newcastle
Sat Aug 17 2019,Southampton,1-2,0-1,Liverpool
Sat Aug 17 2019,Man City,2-2,2-1,Tottenham
Sun Aug 18 2019,Sheffield United,1-0,0-0,Crystal Palace
Sun Aug 18 2019,Chelsea,1-1,1-0,Leicester
Mon Aug 19 2019,Wolves,1-1,0-1,Man United
Fri Aug 23 2019,Aston Villa,2-0,1-0,Everton
Sat Aug 24 2019,Norwich,2-3,2-2,Chelsea
Sat Aug 24 2019,Brighton,0-2,0-0,Southampton
Sat Aug 24 2019,Man United,1-2,0-1,Crystal Palace
Sat Aug 24 2019,Sheffield United,1-2,0-1,Leicester
Sat Aug 24 2019,Watford,1-3,1-1,West Ham
Sat Aug 24 2019,Liverpool,3-1,1-0,Arsenal
Sun Aug 25 2019,Bournemouth,1-3,1-2,Man City
Sun Aug 25 2019,Tottenham,0-1,0-1,Newcastle
Sun Aug 25 2019,Wolves,1-1,0-1,Burnley
Sat Aug 31 2019,Southampton,1-1,0-1,Man United
Sat Aug 31 2019,Chelsea,2-2,2-0,Sheffield United
Sat Aug 31 2019,Crystal Palace,1-0,0-0,Aston Villa
Sat Aug 31 2019,Leicester,3-1,2-1,Bournemouth
Sat Aug 31 2019,Man City,4-0,2-0,Brighton
Sat Aug 31 2019,Newcastle,1-1,1-1,Watford
Sat Aug 31 2019,West Ham,2-0,1-0,Norwich
Sat Aug 31 2019,Burnley,0-3,0-2,Liverpool
Sun Sep 1 2019,Everton,3-2,2-1,Wolves
Sun Sep 1 2019,Arsenal,2-2,1-2,Tottenham
Sat Sep 14 2019,Liverpool,3-1,2-1,Newcastle
Sat Sep 14 2019,Brighton,1-1,0-0,Burnley
Sat Sep 14 2019,Man United,1-0,1-0,Leicester
Sat Sep 14 2019,Sheffield United,0-1,0-0,Southampton
Sat Sep 14 2019,Tottenham,4-0,4-0,Crystal Palace
Sat Sep 14 2019,Wolves,2-5,0-3,Chelsea
Sat Sep 14 2019,Norwich,3-2,2-1,Man City
Sun Sep 15 2019,Bournemouth,3-1,1-1,Everton
Sun Sep 15 2019,Watford,2-2,0-2,Arsenal
Mon Sep 16 2019,Aston Villa,0-0,0-0,West Ham
Fri Sep 20 2019,Southampton,1-3,0-2,Bournemouth
Sat Sep 21 2019,Leicester,2-1,0-1,Tottenham
Sat Sep 21 2019,Burnley,2-0,2-0,Norwich
Sat Sep 21 2019,Everton,0-2,0-1,Sheffield United
Sat Sep 21 2019,Man City,8-0,5-0,Watford
Sat Sep 21 2019,Newcastle,0-0,0-0,Brighton
Sun Sep 22 2019,Crystal Palace,1-1,0-0,Wolves
Sun Sep 22 2019,West Ham,2-0,1-0,Man United
Sun Sep 22 2019,Arsenal,3-2,0-1,Aston Villa
Sun Sep 22 2019,Chelsea,1-2,0-2,Liverpool
Sat Sep 28 2019,Sheffield United,0-1,0-0,Liverpool
Sat Sep 28 2019,Aston Villa,2-2,1-0,Burnley
Sat Sep 28 2019,Bournemouth,2-2,1-1,West Ham
Sat Sep 28 2019,Chelsea,2-0,0-0,Brighton
Sat Sep 28 2019,Crystal Palace,2-0,1-0,Norwich
Sat Sep 28 2019,Tottenham,2-1,2-1,Southampton
Sat Sep 28 2019,Wolves,2-0,1-0,Watford
Sat Sep 28 2019,Everton,1-3,1-1,Man City
Sun Sep 29 2019,Leicester,5-0,1-0,Newcastle
Mon Sep 30 2019,Man United,1-1,1-0,Arsenal
Sat Oct 5 2019,Brighton,3-0,2-0,Tottenham
Sat Oct 5 2019,Burnley,1-0,0-0,Everton
Sat Oct 5 2019,Liverpool,2-1,1-0,Leicester
Sat Oct 5 2019,Norwich,1-5,0-2,Aston Villa
Sat Oct 5 2019,Watford,0-0,0-0,Sheffield United
Sat Oct 5 2019,West Ham,1-2,0-0,Crystal Palace
Sun Oct 6 2019,Arsenal,1-0,1-0,Bournemouth
Sun Oct 6 2019,Man City,0-2,0-0,Wolves
Sun Oct 6 2019,Southampton,1-4,1-3,Chelsea
Sun Oct 6 2019,Newcastle,1-0,0-0,Man United
Sat Oct 19 2019,Everton,2-0,1-0,West Ham
Sat Oct 19 2019,Aston Villa,2-1,1-1,Brighton
Sat Oct 19 2019,Bournemouth,0-0,0-0,Norwich
Sat Oct 19 2019,Chelsea,1-0,0-0,Newcastle
Sat Oct 19 2019,Leicester,2-1,1-1,Burnley
Sat Oct 19 2019,Tottenham,1-1,0-1,Watford
Sat Oct 19 2019,Wolves,1-1,0-0,Southampton
Sat Oct 19 2019,Crystal Palace,0-2,0-2,Man City
Sun Oct 20 2019,Man United,1-1,1-0,Liverpool
Mon Oct 21 2019,Sheffield United,1-0,1-0,Arsenal
Fri Oct 25 2019,Southampton,0-9,0-5,Leicester
Sat Oct 26 2019,Man City,3-0,0-0,Aston Villa
Sat Oct 26 2019,Brighton,3-2,1-1,Everton
Sat Oct 26 2019,Watford,0-0,0-0,Bournemouth
Sat Oct 26 2019,West Ham,1-1,1-0,Sheffield United
Sat Oct 26 2019,Burnley,2-4,0-2,Chelsea
Sun Oct 27 2019,Newcastle,1-1,1-0,Wolves
Sun Oct 27 2019,Arsenal,2-2,2-1,Crystal Palace
Sun Oct 27 2019,Liverpool,2-1,0-1,Tottenham
Sun Oct 27 2019,Norwich,1-3,0-2,Man United
Sat Nov 2 2019,Bournemouth,1-0,1-0,Man United
Sat Nov 2 2019,Arsenal,1-1,1-0,Wolves
Sat Nov 2 2019,Aston Villa,1-2,1-0,Liverpool
Sat Nov 2 2019,Brighton,2-0,0-0,Norwich
Sat Nov 2 2019,Man City,2-1,0-1,Southampton
Sat Nov 2 2019,Sheffield United,3-0,3-0,Burnley
Sat Nov 2 2019,West Ham,2-3,0-2,Newcastle
Sat Nov 2 2019,Watford,1-2,0-1,Chelsea
Sun Nov 3 2019,Crystal Palace,0-2,0-0,Leicester
Sun Nov 3 2019,Everton,1-1,0-0,Tottenham
Fri Nov 8 2019,Norwich,0-2,0-1,Watford
Sat Nov 9 2019,Chelsea,2-0,0-0,Crystal Palace
Sat Nov 9 2019,Burnley,3-0,2-0,West Ham
Sat Nov 9 2019,Newcastle,2-1,1-1,Bournemouth
Sat Nov 9 2019,Southampton,1-2,0-1,Everton
Sat Nov 9 2019,Tottenham,1-1,0-0,Sheffield United
Sat Nov 9 2019,Leicester,2-0,0-0,Arsenal
Sun Nov 10 2019,Man United,3-1,2-0,Brighton
Sun Nov 10 2019,Wolves,2-1,1-0,Aston Villa
Sun Nov 10 2019,Liverpool,3-1,2-0,Man City
Sat Nov 23 2019,West Ham,2-3,0-2,Tottenham
Sat Nov 23 2019,Arsenal,2-2,1-1,Southampton
Sat Nov 23 2019,Bournemouth,1-2,0-2,Wolves
Sat Nov 23 2019,Brighton,0-2,0-0,Leicester
Sat Nov 23 2019,Crystal Palace,1-2,0-0,Liverpool
Sat Nov 23 2019,Everton,0-2,0-0,Norwich
Sat Nov 23 2019,Watford,0-3,0-0,Burnley
Sat Nov 23 2019,Man City,2-1,2-1,Chelsea
Sun Nov 24 2019,Sheffield United,3-3,1-0,Man United
Mon Nov 25 2019,Aston Villa,2-0,2-0,Newcastle
Sat Nov 30 2019,Newcastle,2-2,1-1,Man City
Sat Nov 30 2019,Burnley,0-2,0-1,Crystal Palace
Sat Nov 30 2019,Chelsea,0-1,0-0,West Ham
Sat Nov 30 2019,Liverpool,2-1,2-0,Brighton
Sat Nov 30 2019,Tottenham,3-2,1-0,Bournemouth
Sat Nov 30 2019,Southampton,2-1,0-1,Watford
Sun Dec 1 2019,Norwich,2-2,2-1,Arsenal
Sun Dec 1 2019,Wolves,1-1,0-1,Sheffield United
Sun Dec 1 2019,Leicester,2-1,0-1,Everton
Sun Dec 1 2019,Man United,2-2,1-1,Aston Villa
Tue Dec 3 2019,Crystal Palace,1-0,0-0,Bournemouth
Tue Dec 3 2019,Burnley,1-4,0-1,Man City
Wed Dec 4 2019,Chelsea,2-1,1-1,Aston Villa
Wed Dec 4 2019,Leicester,2-0,0-0,Watford
Wed Dec 4 2019,Man United,2-1,1-1,Tottenham
Wed Dec 4 2019,Southampton,2-1,2-0,Norwich
Wed Dec 4 2019,Wolves,2-0,1-0,West Ham
Wed Dec 4 2019,Liverpool,5-2,4-2,Everton
Thu Dec 5 2019,Sheffield United,0-2,0-1,Newcastle
Thu Dec 5 2019,Arsenal,1-2,0-1,Brighton
Sat Dec 7 2019,Everton,3-1,1-0,Chelsea
Sat Dec 7 2019,Bournemouth,0-3,0-2,Liverpool
Sat Dec 7 2019,Tottenham,5-0,3-0,Burnley
Sat Dec 7 2019,Watford,0-0,0-0,Crystal Palace
Sat Dec 7 2019,Man City,1-2,0-2,Man United
Sun Dec 8 2019,Aston Villa,1-4,1-2,Leicester
Sun Dec 8 2019,Newcastle,2-1,0-0,Southampton
Sun Dec 8 2019,Norwich,1-2,1-0,Sheffield United
Sun Dec 8 2019,Brighton,2-2,2-2,Wolves
Mon Dec 9 2019,West Ham,1-3,1-0,Arsenal
Sat Dec 14 2019,Liverpool,2-0,1-0,Watford
Sat Dec 14 2019,Burnley,1-0,0-0,Newcastle
Sat Dec 14 2019,Chelsea,0-1,0-0,Bournemouth
Sat Dec 14 2019,Leicester,1-1,1-1,Norwich
Sat Dec 14 2019,Sheffield United,2-0,0-0,Aston Villa
Sat Dec 14 2019,Southampton,0-1,0-1,West Ham
Sun Dec 15 2019,Man United,1-1,0-1,Everton
Sun Dec 15 2019,Wolves,1-2,0-1,Tottenham
Sun Dec 15 2019,Arsenal,0-3,0-3,Man City
Mon Dec 16 2019,Crystal Palace,1-1,0-0,Brighton
Sat Dec 21 2019,Everton,0-0,0-0,Arsenal
Sat Dec 21 2019,Aston Villa,1-3,0-2,Southampton
Sat Dec 21 2019,Bournemouth,0-1,0-0,Burnley
Sat Dec 21 2019,Brighton,0-1,0-1,Sheffield United
Sat Dec 21 2019,Newcastle,1-0,0-0,Crystal Palace
Sat Dec 21 2019,Norwich,1-2,1-0,Wolves
Sat Dec 21 2019,Man City,3-1,2-1,Leicester
Sun Dec 22 2019,Watford,2-0,0-0,Man United
Sun Dec 22 2019,Tottenham,0-2,0-2,Chelsea
Thu Dec 26 2019,Tottenham,2-1,0-1,Brighton
Thu Dec 26 2019,Aston Villa,1-0,0-0,Norwich
Thu Dec 26 2019,Bournemouth,1-1,1-0,Arsenal
Thu Dec 26 2019,Chelsea,0-2,0-1,Southampton
Thu Dec 26 2019,Crystal Palace,2-1,0-0,West Ham
Thu Dec 26 2019,Everton,1-0,0-0,Burnley
Thu Dec 26 2019,Sheffield United,1-1,1-1,Watford
Thu Dec 26 2019,Man United,4-1,3-1,Newcastle
Thu Dec 26 2019,Leicester,0-4,0-1,Liverpool
Fri Dec 27 2019,Wolves,3-2,0-1,Man City
Sat Dec 28 2019,Brighton,2-0,1-0,Bournemouth
Sat Dec 28 2019,Newcastle,1-2,0-1,Everton
Sat Dec 28 2019,Southampton,1-1,0-0,Crystal Palace
Sat Dec 28 2019,Watford,3-0,1-0,Aston Villa
Sat Dec 28 2019,Norwich,2-2,1-0,Tottenham
Sat Dec 28 2019,West Ham,1-2,1-1,Leicester
Sat Dec 28 2019,Burnley,0-2,0-1,Man United
Sun Dec 29 2019,Arsenal,1-2,1-0,Chelsea
Sun Dec 29 2019,Liverpool,1-0,1-0,Wolves
Sun Dec 29 2019,Man City,2-0,0-0,Sheffield United
Wed Jan 1 2020,Brighton,1-1,0-1,Chelsea
Wed Jan 1 2020,Burnley,1-2,0-2,Aston Villa
Wed Jan 1 2020,Newcastle,0-3,0-2,Leicester
Wed Jan 1 2020,Southampton,1-0,1-0,Tottenham
Wed Jan 1 2020,Watford,2-1,1-0,Wolves
Wed Jan 1 2020,Man City,2-1,0-0,Everton
Wed Jan 1 2020,Norwich,1-1,1-0,Crystal Palace
Wed Jan 1 2020,West Ham,4-0,3-0,Bournemouth
Wed Jan 1 2020,Arsenal,2-0,2-0,Man United
Thu Jan 2 2020,Liverpool,2-0,1-0,Sheffield United
Fri Jan 10 2020,Sheffield United,1-0,0-0,West Ham
Sat Jan 11 2020,Crystal Palace,1-1,0-1,Arsenal
Sat Jan 11 2020,Chelsea,3-0,2-0,Burnley
Sat Jan 11 2020,Everton,1-0,1-0,Brighton
Sat Jan 11 2020,Leicester,1-2,1-1,Southampton
Sat Jan 11 2020,Man United,4-0,1-0,Norwich
Sat Jan 11 2020,Wolves,1-1,1-1,Newcastle
Sat Jan 11 2020,Tottenham,0-1,0-1,Liverpool
Sun Jan 12 2020,Bournemouth,0-3,0-1,Watford
Sun Jan 12 2020,Aston Villa,1-6,0-4,Man City
Sat Jan 18 2020,Watford,0-0,0-0,Tottenham
Sat Jan 18 2020,Arsenal,1-1,1-0,Sheffield United
Sat Jan 18 2020,Brighton,1-1,1-0,Aston Villa
Sat Jan 18 2020,Man City,2-2,0-1,Crystal Palace
Sat Jan 18 2020,Norwich,1-0,1-0,Bournemouth
Sat Jan 18 2020,Southampton,2-3,2-0,Wolves
Sat Jan 18 2020,West Ham,1-1,1-1,Everton
Sat Jan 18 2020,Newcastle,1-0,0-0,Chelsea
Sun Jan 19 2020,Burnley,2-1,0-1,Leicester
Sun Jan 19 2020,Liverpool,2-0,1-0,Man United
Tue Jan 21 2020,Aston Villa,2-1,0-1,Watford
Tue Jan 21 2020,Bournemouth,3-1,2-0,Brighton
Tue Jan 21 2020,Crystal Palace,0-2,0-1,Southampton
Tue Jan 21 2020,Everton,2-2,1-0,Newcastle
Tue Jan 21 2020,Sheffield United,0-1,0-0,Man City
Tue Jan 21 2020,Chelsea,2-2,1-0,Arsenal
Wed Jan 22 2020,Leicester,4-1,2-0,West Ham
Wed Jan 22 2020,Tottenham,2-1,1-0,Norwich
Wed Jan 22 2020,Man United,0-2,0-1,Burnley
Thu Jan 23 2020,Wolves,1-2,0-1,Liverpool
Wed Jan 29 2020,West Ham,0-2,0-1,Liverpool
Sat Feb 1 2020,Leicester,2-2,0-0,Chelsea
Sat Feb 1 2020,Bournemouth,2-1,2-0,Aston Villa
Sat Feb 1 2020,Crystal Palace,0-1,0-0,Sheffield United
Sat Feb 1 2020,Liverpool,4-0,0-0,Southampton
Sat Feb 1 2020,Newcastle,0-0,0-0,Norwich
Sat Feb 1 2020,Watford,2-3,2-2,Everton
Sat Feb 1 2020,West Ham,3-3,2-0,Brighton
Sat Feb 1 2020,Man United,0-0,0-0,Wolves
Sun Feb 2 2020,Burnley,0-0,0-0,Arsenal
Sun Feb 2 2020,Tottenham,2-0,0-0,Man City
Sat Feb 8 2020,Everton,3-1,1-0,Crystal Palace
Sat Feb 8 2020,Brighton,1-1,0-1,Watford
Sun Feb 9 2020,Sheffield United,2-1,1-1,Bournemouth
Fri Feb 14 2020,Wolves,0-0,0-0,Leicester
Sat Feb 15 2020,Southampton,1-2,1-1,Burnley
Sat Feb 15 2020,Norwich,0-1,0-0,Liverpool
Sun Feb 16 2020,Aston Villa,2-3,1-2,Tottenham
Sun Feb 16 2020,Arsenal,4-0,0-0,Newcastle
Mon Feb 17 2020,Chelsea,0-2,0-1,Man United
Wed Feb 19 2020,Man City,2-0,1-0,West Ham
Sat Feb 22 2020,Chelsea,2-1,1-0,Tottenham
Sat Feb 22 2020,Burnley,3-0,0-0,Bournemouth
Sat Feb 22 2020,Crystal Palace,1-0,1-0,Newcastle
Sat Feb 22 2020,Sheffield United,1-1,1-1,Brighton
Sat Feb 22 2020,Southampton,2-0,1-0,Aston Villa
Sat Feb 22 2020,Leicester,0-1,0-0,Man City
Sun Feb 23 2020,Man United,3-0,1-0,Watford
Sun Feb 23 2020,Wolves,3-0,2-0,Norwich
Sun Feb 23 2020,Arsenal,3-2,2-2,Everton
Mon Feb 24 2020,Liverpool,3-2,1-1,West Ham
Fri Feb 28 2020,Norwich,1-0,0-0,Leicester
Sat Feb 29 2020,Brighton,0-1,0-0,Crystal Palace
Sat Feb 29 2020,Bournemouth,2-2,0-1,Chelsea
Sat Feb 29 2020,Newcastle,0-0,0-0,Burnley
Sat Feb 29 2020,West Ham,3-1,2-1,Southampton
Sat Feb 29 2020,Watford,3-0,0-0,Liverpool
Sun Mar 1 2020,Everton,1-1,1-1,Man United
Sun Mar 1 2020,Tottenham,2-3,2-1,Wolves
Sat Mar 7 2020,Liverpool,2-1,2-1,Bournemouth
Sat Mar 7 2020,Arsenal,1-0,0-0,West Ham
Sat Mar 7 2020,Crystal Palace,1-0,1-0,Watford
Sat Mar 7 2020,Sheffield United,1-0,1-0,Norwich
Sat Mar 7 2020,Southampton,0-1,0-0,Newcastle
Sat Mar 7 2020,Wolves,0-0,0-0,Brighton
Sat Mar 7 2020,Burnley,1-1,1-0,Tottenham
Sun Mar 8 2020,Chelsea,4-0,2-0,Everton
Sun Mar 8 2020,Man United,2-0,1-0,Man City
Mon Mar 9 2020,Leicester,4-0,1-0,Aston Villa
